,index,spu_name,label
0,1,虎斑幼犬活体大型广西土猎狗赶山猎犬活物幼崽真狗大骨架混血家养,['宠物 宠物食品 狗零食']
0,2,[涵]纯种活物小狗宠物狗幼犬茶杯狗博美俊介犬茶杯犬博美犬家养,['宠物 宠物食品 狗零食']
0,3,纯种泰迪幼犬活体茶杯犬泰迪犬长不大真狗小狗幼崽宠物泰迪狗家养,['宠物 宠物食品 狗零食']
0,4,领养茶杯犬博美俊介幼犬活体可爱迷你长不大真狗狗活物幼体宠物,['宠物 宠物医药品 猫狗医药品']
0,5,纯种金毛幼犬金毛活体金毛犬导盲犬性格温顺大型犬活体宠物狗犬【,['宠物 宠物食品 狗粮']
0,6,出售中华田园猫家猫土猫捕鼠猫宠物猫幼崽橘猫狸花猫白黑猫咪活体,['宠物 宠物医药品 猫狗医药品']
0,7,海双布偶弟弟布偶猫蓝双手套公猫波斯系长毛猫品种猫,['箱包饰品 饰品 手套']
0,8,阿比西尼亚猫纯种幼猫同城家养猫咪活物宠物埃及短毛小猫幼崽活体,['宠物 宠物医药品 猫狗保健品']
0,9,猫咪活体宠物猫家猫狸猫橘猫花猫幼猫黑猫送礼猫小猫活体,['宠物 宠物用品 猫狗出行用品']
0,10,江门猫舍纯种美短 起司加白 虎斑猫 无病无藓 可视频挑选送上门,['宠物 宠物医药品 猫狗医药品']
0,11,大帆长鳍长尾蝶翼斑马鱼龙凤斑马热带鱼小型观赏鱼,['宠物 宠物活体 水族活体']
0,12,潮汕溪吻虾虎原生冷水小型观赏鱼苗淡水溪流鱼活体包邮,['宠物 宠物活体 水族活体']
0,13,热带鱼观赏鱼小型鱼曼龙鱼五彩丽丽鱼好养耐活鱼彩裙鱼宠物活体鱼,['宠物 宠物活体 水族活体']
0,14,接吻鱼活体亲嘴鱼KISS鱼可爱萌萌哒热带鱼观赏鱼淡水宠物鱼,['宠物 宠物活体 水族活体']
0,15,观赏鱼小型热带鱼大帆蝶翼长尾斑马鱼冷水鱼练手活体鱼苗荧光翡,['宠物 宠物活体 水族活体']
0,16,孔雀鱼活体鱼木炭黑黑玫瑰观赏宠物淡水鱼场直销包活满包邮,['宠物 宠物活体 水族活体']
0,17,jolly 天竺鼠粮2.5kg荷兰猪葵鼠粮祖莉 al043  宠物用品实体店,['宠物 宠物食品 其它宠物食品']
0,18,小仓鼠活体三线银狐金丝熊仓鼠宠物一只仓鼠宝宝幼崽包活一对情侣,['宠物 宠物用品 其它宠物用品']
0,19,乌龟活体北美小活体鳄鱼龟杂佛大龟苗宠物龟观赏龟水龟,['宠物 宠物活体 水族活体']
0,20,【现货速发】巴西龟批发龟苗活体小乌龟活物观赏宠物龟摆摊夜市外,['宠物 宠物活体 水族活体']
0,21,【现货速发】面包虫活体黄粉虫活虫活物乌龟仓鼠龙鱼八哥蜥蜴蜘蛛,['宠物 宠物用品 其它宠物用品']
0,22,【现货速发】墨龟苗活体全黑小乌龟活物黑腹外塘情侣龟苗宠物龟水,['宠物 宠物活体 水族活体']
0,23,小兔子活体长不大侏儒兔小型熊猫猫猫兔垂耳兔凤眼宠物兔包邮宠物,['宠物 宠物用品 其它宠物用品']
0,24,专业宠物寄养包接送，猫咪狗狗单间带24小时监控，预定春节寄养,['宠物 宠物医药品 猫狗保健品']
0,25,毛孩子衣食住行生活需求救助服务,['图书音像 图书 其它图书']
0,26,流浪狗流浪猫救助站宠物云救助基地,['宠物 宠物用品 宠物玩具']
0,27,小动物的爱心喂养,['母婴 喂养用品 其它-喂养用品']
0,28,杭州寄养宠物猫蓝猫英短美短阿比西尼亚猫渐层猫咪运费自理拍定金,['宠物 宠物医药品 猫狗医药品']
0,29,线上狗狗训练营【SVIP钻石会员一对一服务】包教包会,['宠物 宠物用品 宠物服饰']
0,30,口碑分伊燕狗狗服务10,['宠物 宠物用品 宠物服饰']
0,31,小妹养猫教程服务,['图书音像 图书 其它图书']
0,32,鱼缸定制职业玩家专属鱼缸家庭装修鱼缸VIP全程终身服务,['宠物 宠物用品 鱼缸']
0,33,【北京】德文卷毛猫妹妹猫服务（外地不包邮）,['箱包饰品 饰品 领带/领结']
0,34,狗粮泰迪金毛博美萨摩耶成犬幼犬通用型大中小型犬10斤装5斤1,['宠物 宠物食品 狗粮']
0,35,麦富迪狗粮鹿肉双拼小型犬双拼粮10kg通用型成犬20斤,['宠物 宠物食品 狗粮']
0,36,皇家狗粮小型犬幼犬狗粮犬粮泰迪比熊博美贵宾雪纳瑞通用型2kg,['宠物 宠物食品 狗粮']
0,37,耀目 约克夏狗粮幼犬成犬小型犬专用粮去泪痕天然粮4斤,['宠物 宠物食品 狗粮']
0,38,狗粮10斤装通用型泰迪博美金毛拉布拉多成犬幼犬5斤大中小型犬1斤,['宠物 宠物食品 狗粮']
0,39,黑鼻头 单一肉源 零食单一肉源低敏原切冻干鸭胸肉鸡胸肉三文鱼,['食品酒水 休闲食品 休闲零食']
0,40,猫咪零食冻干鸡肉粒鸡胸混合全家桶小鱼干蛋黄狗零食增肥发腮补钙,['宠物 宠物食品 猫零食']
0,41,冻干鹌鹑蛋黄狗狗零食营养增肥卵磷脂训练小型犬泰迪比熊毛用品,['宠物 宠物食品 狗零食']
0,42,顽皮狗狗磨牙棒幼犬洁齿棒狗零食小型犬咬胶耐咬宠物专用清洁牙齿,['宠物 宠物食品 狗零食']
0,43,狗狗零食 手工自制风干肉干零食5品套餐,['宠物 宠物食品 狗零食']
0,44,达里猫开心鱼肉包海吱吱猫零食猫咪湿粮包猫罐头60克*12袋,['宠物 宠物食品 猫罐头']
0,45,Schesir雪诗雅【汤煮系列】彩虹猫罐头进口成幼猫搭配主粮6罐,['宠物 宠物食品 猫罐头']
0,46,腐败猫德国Leonardo小李子莱昂纳多主食罐头无谷猫罐湿粮200g400g,['宠物 宠物食品 猫罐头']
0,47,味途猫零食幼猫零食猫粮猫罐头12罐猫湿粮发腮猫咪狗狗湿粮拌饭,['宠物 宠物食品 猫罐头']
0,48,猫罐头猫零食增肥发腮补钙白肉罐头幼猫猫咪零食12罐整箱猫主食罐,['宠物 宠物食品 猫罐头']
0,49,双拼猫粮10斤暹罗成猫幼猫专用成年小鱼干增肥发腮冻干5斤20斤,['宠物 宠物食品 猫粮']
0,50,WOWO喔喔冻干鸡肉三文鱼全猫粮无谷美毛发腮增肥呵护肠胃主粮1斤,['宠物 宠物食品 猫粮']
0,51,可莉丝汀去毛球泌尿猫粮天然营养猫粮试吃增肥发腮通用型桶装粮,['宠物 宠物食品 猫粮']
0,52,SANPO/珍宝猫粮喜多鱼20斤全价成年期猫粮鱼肉味10kg成幼猫粮40斤,['宠物 宠物食品 猫粮']
0,53,猫粮成猫幼猫美短英短蓝猫通用型鲜鱼肉冻干多拼营养品质猫主粮,['宠物 宠物食品 猫粮']
0,54,伊纳宝妙好啾噜猫条零食湿粮包鲜包幼猫营养增肥 48包192支整箱,['宠物 宠物食品 猫零食']
0,55,猫条猫零食批发一整箱增肥发胖猫咪幼猫营养条,['宠物 宠物食品 猫零食']
0,56,帕特冻干猫零食宠物鲜肉鸡胸肉冻干幼猫成猫营养增肥纯肉饼狗零食,['宠物 宠物食品 猫零食']
0,57,【萌宠宠】猫咪零食小鱼干营养增肥发腮宠物零食无盐小鱼干猫零,['宠物 宠物食品 猫零食']
0,58,【猫咪小鱼干零食】营养增肥发腮成幼猫零食无盐小鱼猫零食小鱼干,['宠物 宠物食品 猫零食']
0,59,仓鼠五谷冻干粮食自配营养粮金丝熊主食花枝鼠饲料小仓鼠用品,['宠物 宠物食品 其它宠物食品']
0,60,兔粮兔子饲料荷兰猪饲料粮食宠物兔肉兔粮粮食防球虫营养均,['宠物 宠物食品 其它宠物食品']
0,61,彩色磨牙饼仓鼠花枝鼠金丝熊营养磨牙零食,['宠物 宠物食品 其它宠物食品']
0,62,兔粮兔子粮兔饲料兔吃粮食幼兔成兔宠物兔粮通用兔粮荷兰猪,['宠物 宠物食品 其它宠物食品']
0,63,清爽凡赛尔比利时兔粮垂耳兔食物饲料成兔幼兔粮进口兔粮1.75kg现,['宠物 宠物食品 其它宠物食品']
0,64,【现货速发】微粒鱼粮小型鱼孔雀鱼斗鱼饲料观赏鱼食幼鱼热带鱼粮,['宠物 宠物食品 水族饲料']
0,65,【现货速发】鱼食小型鱼薄片鱼粮孔雀鱼饲料热带鱼红绿灯科斗鱼粘,['宠物 宠物食品 水族饲料']
0,66,麦穗鱼食蚊鱼乌龟龙鱼饲料鱼群游鱼冷水观赏鱼淡水鱼苗包邮,['宠物 宠物食品 水族饲料']
0,67,乌龟饲料高钙高蛋白龟粮草龟金钱龟巴西龟虾干鱼干幼龟食通用,['宠物 宠物食品 水族饲料']
0,68,俄罗斯金丝黄金草鱼鱼苗耐活物鱼苗养殖饲料鱼塘淡水本地鱼苗,['宠物 宠物食品 水族饲料']
0,69,冷冻丰年虾观赏鱼饲料冰冻红虫水蚤冷冻鱼食玛丽鱼七彩六角龙龟粮,['宠物 宠物食品 水族饲料']
0,70,强生宠儿液体钙猫咪狗狗健骨补钙营养膏孕幼犬营养品猫犬通用,['宠物 宠物医药品 猫狗保健品']
0,71,麦德氏IN-KAT猫维生素营养片60g,['宠物 宠物医药品 猫狗保健品']
0,72,【可查防伪】卫仕猫多维 100g 200片 送试吃*2,['宠物 宠物医药品 猫狗保健品']
0,73,MAG宠物海藻粉狗狗增色黑鼻头泰迪金毛宠物美毛粉爆毛粉400g护肤,['宠物 宠物医药品 猫狗保健品']
0,74,岚狸Lalilali岚狸猫用化毛膏富含海洋益生元调理肠胃温和化毛疏通,['宠物 宠物医药品 猫狗保健品']
0,75,美国绝魅深海鱼油狗狗三文鱼油胶囊美毛宠物鱼油卵磷脂犬用爆毛粉,['宠物 宠物医药品 猫狗保健品']
0,76,马犬幼犬专用狗狗小马犬钙片健骨补钙宠物营养品缺钙立耳拌狗粮,['宠物 宠物食品 狗粮']
0,77,宠物狗益生菌小猫狗狗微量元素片维生素幼犬泰迪金毛补钙营养片,['宠物 宠物医药品 猫狗保健品']
0,78,医仕诺猫氨营养液宠物赖氨酸营养上呼吸道猫鼻 ,['宠物 宠物医药品 猫狗保健品']
0,79,猫咪狗狗幼小宠物用除耳螨真菌专用滴耳液洗耳液耳朵清洁液消炎药,['宠物 宠物医药品 猫狗医药品']
0,80,宠物益生菌猫狗通用1盒50g【程程礼品】,['宠物 宠物医药品 猫狗保健品']
0,81,云酵痘疫清鸽痘药鸽痘消鸽子用品药大全常见病鸽瘟病毒新城疫鸽药,['宠物 宠物医药品 其它宠物医药品']
0,82,赛巴斯鸽药六联多抗口服使用新城疫腺病毒沙门氏鸽痘衣原体呼吸道,['宠物 宠物医药品 其它宠物医药品']
0,83,鸽子药冠能德过三关毛滴虫呼吸道球虫幼鸽喂一次交公棚飞好成绩,['宠物 宠物医药品 其它宠物医药品']
0,84,德国冠能德鸽药(极速风暴)赛鸽用品信鸽药品鸽子鸽药包邮,['宠物 宠物医药品 其它宠物医药品']
0,85,QUAN虫清鸟鸽用驱虫杀虫药赛鸽药球虫毛滴虫鸽子打虫药大全常见病,['宠物 宠物医药品 其它宠物医药品']
0,86,鸽子用品药拉稀绿便水便鹦鹉鸟鸽子药大全常见病鸽药调理肠胃保健,['宠物 宠物医药品 其它宠物医药品']
0,87,水产养殖鱼药碳源肥水稳水补充水体营养鱼虾蟹调节碳氮比水产营养,['宠物 宠物医药品 水族医药品']
0,88,强微硝氨双脱复合菌氨氮去除亚盐速降好氧反硝化水产养殖鱼药em菌,['宠物 宠物医药品 水族医药品']
0,89,渔之家硫醚沙星水产养殖水霉病专治鱼药白毛水霉净鱼虾蟹低温,['宠物 宠物医药品 水族医药品']
0,90,过硫酸氢钾复合盐改底水产养殖鱼塘消毒杀菌鱼药增氧净水剂泡腾片,['宠物 宠物医药品 水族医药品']
0,91,二氧化氯泡腾片 鱼塘消毒杀菌 水产养殖鱼药水库池塘水质净化改,['宠物 宠物医药品 水族医药品']
0,92,【源头工厂】狗狗衣服秋冬款泰迪比熊博美四脚背带裤奶狗吉娃娃,['宠物 宠物用品 宠物服饰']
0,93,卡通比熊棉马甲宠物狗狗幼犬衣服泰迪博美雪纳瑞猫咪小型犬秋冬装,['宠物 宠物用品 宠物服饰']
0,94,秋冬雪纳瑞泰迪狗小型犬假两件棉背心,['宠物 宠物用品 宠物服饰']
0,95,狗狗衣服春夏装薄款小皮标T恤泰迪比熊博美小型犬宠物夏季潮流款,['宠物 宠物用品 宠物服饰']
0,96,【优惠】可爱套头兔子装宠物狗狗衣服秋冬季泰迪小鹿犬英短猫咪小,['宠物 宠物用品 宠物服饰']
0,97,逗猫棒猫咪玩具互动加长钢丝杆羽毛 铃铛仙女耐用结实球宠物用品,['宠物 宠物用品 宠物玩具']
0,98,10件套】狗玩具宠物玩具幼犬小狗磨牙耐咬发声玩具惨叫鸡狗狗用品,['宠物 宠物用品 宠物玩具']
0,99,新宠物玩具发声玩具美单猫狗玩具幼犬泰迪比熊贵宾金毛小狗磨牙,['宠物 宠物用品 宠物玩具']
0,100,【yao头晃脑】宠物狗狗玩具猫咪用品耐咬解闷发声幼犬尖叫鸡小狗,['宠物 宠物用品 宠物玩具']
0,101,傅沛狗狗玩具耐咬弹力球宠物玩具狗狗用品宠物用品狗狗磨牙玩具小,['宠物 宠物用品 宠物玩具']
0,102,智能宠物烘干箱猫咪烘干机静音全自动狗狗中小型犬吹水机吹干神器,['宠物 宠物用品 宠物智能设备']
0,103,【视频对讲】玲珑猫宠物自动喂食器定时狗狗智能自动猫咪投粮机,['宠物 宠物用品 宠物智能设备']
0,104,2L自动喂鱼器锦鲤龙鱼鹦鹉金鱼缸龟智能定时定量喂食器大小容量,['宠物 宠物用品 宠物智能设备']
0,105,宠物用品猫咪饮水机流动静音智能狗狗饮水喂水器自动循环,['宠物 宠物用品 宠物智能设备']
0,106,宠物除臭剂智能净味器猫砂盆伴侣狗狗猫咪猫砂自动除菌祛去尿骚味,['宠物 宠物用品 宠物智能设备']
0,107,【YIYI】狗厕所狗狗宠物泰迪大中小型犬尿盆便盆小狗厕所,['宠物 宠物用品 狗厕所']
0,108,【尚品】掀开式中号平板网格狗厕所泰迪比熊宠物屎盆尿盆,['宠物 宠物用品 狗厕所']
0,109,狗狗厕所泰迪狗厕所小型犬宠物用品拉屎尿盆用品狗便盆博美坐便器,['宠物 宠物用品 狗厕所']
0,110,夏竹不锈钢狗厕所宠物厕所不锈钢狗用厕所小型中型犬狗用厕所托盘,['宠物 宠物用品 狗厕所']
0,111,IVPETS爱蓓诗狗狗厕所特大号狗便盆尿盆中大型犬超大平板犬,['宠物 宠物用品 狗厕所']
0,112,宠物包猫包外出便携包泰迪狗包猫咪包折叠包手提猫笼子猫外出箱子,['宠物 宠物用品 猫狗出行用品']
0,113,猫包太空舱双肩宠物背包,['宠物 宠物用品 猫狗出行用品']
0,114,宠物外出包猫背包泰迪外出猫笼子狗包猫包手提便携笼袋子夏季包箱,['宠物 宠物用品 猫狗出行用品']
0,115,（推荐）宠物箱航空箱行李箱猫笼子外出旅行猫咪托运箱狗狗大小,['宠物 宠物用品 猫狗出行用品']
0,116,宠物车载垫狗狗跟车出行汽车后座垫卡通脚印防水防污后座狗窝,['宠物 宠物用品 猫狗出行用品']
0,117,宠物包舱猫咪外出大容量狗帆布书包携带便携双肩猫包猫背包,['宠物 宠物用品 猫狗出行用品']
0,118,阿拉斯加专用神器狗狗梳子梳毛刷去浮毛新款宠物钉耙梳顺毛钢针梳,['宠物 宠物用品 猫狗美容清洁']
0,119,【它净】离子水日本同工艺宠物猫狗清洁除泪痕黑下巴,['宠物 宠物用品 猫狗美容清洁']
0,120,逸诺PH7狗狗沐浴露宠物除臭持久祛黄比熊博美白毛适用460ml,['宠物 宠物用品 猫狗香波']
0,121,狗狗梳子除毛刷萨摩耶金毛专用狗毛清理宠物梳大型犬狗的用品神器,['宠物 宠物用品 猫狗美容清洁']
0,122,【JG】猫咪指甲剪宠物指甲狗狗指甲钳新手猫咪幼猫指甲用品,['宠物 宠物用品 猫狗美容清洁']
0,123,猫碗双碗不湿嘴自动饮水碗狗狗食盆不锈钢宠物喝水碗防打翻猫粮碗,['宠物 宠物用品 猫狗喂养用品']
0,124,狗水盆狗狗喝水器不湿嘴狗碗水碗宠物猫狗喝水盆泰迪饮水器用品,['宠物 宠物用品 猫狗喂养用品']
0,125,宠物餐桌猫碗狗碗加高防打翻可调节,['宠物 宠物用品 猫狗喂养用品']
0,126,新仓鼠宠物用品防打翻长颈鹿水樽陶瓷立式支架刺猬金丝熊水壶喂,['宠物 宠物用品 其它宠物用品']
0,127,宠物喂食器猫碗宠物不锈铁双碗狗碗狗笼悬挂固定式狗碗,['宠物 宠物用品 猫狗喂养用品']
0,128,【肉垫】宠物用品猫咪猫狗通用宠物饮水机一起游泳鸭网红,['宠物 宠物用品 宠物玩具']
0,129,悯月网红狗窝猫窝 秋冬夏 四季通用床垫子 中小型犬泰迪金毛 ,['宠物 宠物用品 猫狗窝']
0,130,【哈皮萌宠】猫窝冬季保暖半封闭猫舍加绒别墅小型犬狗窝可拆洗,['宠物 宠物用品 猫狗窝']
0,131,猫窝垫子春夏四季不粘毛垫猫咪狗狗夏季窝睡觉凉快沙发垫通用猫窝,['宠物 宠物用品 猫狗窝']
0,132,【推荐】猫窝狗狗窝冬季保暖封闭式加厚猫咪睡觉宠物小型犬可拆洗,['宠物 宠物用品 猫狗窝']
0,133,【宠物窝】狗床实木离地猫床泰迪法斗比熊大型犬秋冬狗狗床狗窝,['宠物 宠物用品 猫狗窝']
0,134,黄白博美专用宠物杀菌除螨菌除白祛污留香狗狗香波浴液,['宠物 宠物用品 猫狗香波']
0,135,心舞疯狂小狗狗沐浴露除臭泰迪专用洗澡液猫咪杀螨香波宠物用,['宠物 宠物用品 猫狗香波']
0,136,洋丹狗狗沐浴露金毛比熊泰迪专用洗澡液猫咪萨摩除臭止痒宠物,['宠物 宠物用品 猫狗香波']
0,137,狗狗沐浴露SOS 阿拉斯加逸诺泰迪专用除臭猫香波浴液洗澡用品,['宠物 宠物用品 猫狗香波']
0,138,狗狗沐浴露幼犬香波宠物狗狗洗澡用品泰迪狗狗沐浴露杀菌除臭杀螨,['宠物 宠物用品 猫狗香波']
0,139,猫砂皮蛋混合猫砂7L4袋矿腐膨润土原味豆腐砂除臭猫沙,['宠物 宠物用品 猫砂']
0,140,唯晨奶香豆腐猫砂6L绿茶味不沾底结团快大袋除臭无尘可冲马桶12kg,['宠物 宠物用品 猫砂']
0,141,倔强的尾巴豆腐猫砂天然原味除臭猫咪用品无尘大袋细颗粒猫沙包邮,['宠物 宠物用品 猫砂']
0,142,3.8L*2袋水晶猫砂祛味大颗粒猫沙吸水除臭水晶砂包邮无香低尘精灵,['宠物 宠物用品 猫砂']
0,143,猫砂膨润土多省包邮一方10公斤10KG低粉尘易结团除臭20斤,['宠物 宠物用品 猫砂']
0,144,超精致主义原味豆腐猫砂6L,['宠物 宠物用品 猫砂']
0,145,【君莱】新品美卡全封闭式猫砂盆特大号猫厕所大号猫沙盆隔臭防外,['宠物 宠物用品 猫砂盆']
0,146,inFluffy茸里-实木猫砂盆超大码封闭式顶入式大空间防带砂猫厕所,['宠物 宠物用品 猫砂盆']
0,147,翻斗半自动猫砂盆猫厕所大号半封闭式除臭马桶猫屎盆免铲屎,['宠物 宠物用品 猫砂盆']
0,148,【威子】猫砂盆全封闭式猫厕所大号隔臭防外溅带砂小幼猫沙屎盆,['宠物 宠物用品 猫砂盆']
0,149,全封闭式猫砂盆超大号隔臭猫咪厕所网红抽屉式猫屎盆防带砂防外溅,['宠物 宠物用品 猫砂盆']
0,150,宠物猫咪单层猫抓柱颜色多多耐用,['宠物 宠物用品 宠物玩具']
0,151,猫爬架猫抓筒剑麻猫抓板隧道猫窝肥猫猫屋猫爬架猫树猫抓板,['宠物 宠物用品 猫抓板/爬架']
0,152,剑麻猫爬架小型跳台猫抓柱猫树猫窝一体猫抓板猫咪爬架猫架子用品,['宠物 宠物用品 猫抓板/爬架']
0,153,网红蘑菇猫抓板不掉屑小型猫爬架立式猫咪磨抓板猫爪板剑麻猫抓柱,['宠物 宠物用品 猫抓板/爬架']
0,154,【东莱帅】抹茶绿猫爬架猫窝猫树一体大型猫架子吊床梯别墅猫抓柱,['宠物 宠物用品 猫抓板/爬架']
0,155,新款剑麻猫爬架抓柱猫玩具磨爪挠痒胡萝卜猫抓板宠物用品,['宠物 宠物用品 猫抓板/爬架']
0,156,柴犬幼犬专用牵引绳项圈脖圈可调节背心式胸背带溜狗狗绳子牵狗绳,['宠物 宠物用品 牵引训练器']
0,157,宠物可爱猫咪遛狗绳项圈泰迪法斗中小型犬皮质脖圈狗狗颈圈牵引绳,['宠物 宠物用品 牵引训练器']
0,158,狗狗牵引绳挂钩狗链配件不锈钢锁扣万向旋转牛头钩金属头旋转扣子,['宠物 宠物用品 猫狗出行用品']
0,159,加长狗狗牵引绳狗绳狗项圈遛狗泰迪金毛宠物大型中型小型犬狗链子,['宠物 宠物用品 牵引训练器']
0,160,3米5米10米加粗加长狗绳子中型犬狗链大型犬金毛训练召回狗牵引绳,['宠物 宠物用品 猫狗出行用品']
0,161,仓鼠造景用品干苔藓垫料笼子造景装饰品房子窝diy造景玩具,['宠物 宠物用品 其它宠物用品']
0,162,网红胖胖熊竹制立式食盆支架套装挂碗仓鼠金丝熊刺猬花枝鼠食盆,['宠物 宠物用品 其它宠物用品']
0,163,浩清仓鼠浴室厕所两用防飞溅洗澡盆浴沙尿砂房大号金丝熊厕所宠物,['宠物 宠物用品 其它宠物用品']
0,164,猫咪纸尿裤猫咪生理裤尿不湿公猫发情母猫姨妈月经裤一次性纸尿裤,['母婴 尿裤湿巾 婴儿尿裤']
0,165,西安爱丽丝毛滴虫净60粒赛鸽喉内白点信鸽口黄宠物鸽子用品,['宠物 宠物医药品 其它宠物医药品']
0,166,鱼缸过滤材料粗过滤堵水克星50cmX50cm,['宠物 宠物用品 其它水族用品']
0,167,NO.1。N-118鱼缸锂电池氧气泵,['宠物 宠物用品 其它水族用品']
0,168,增氧泵锂氧气泵静音增氧机钓鱼小型充氧机,['宠物 宠物用品 其它水族用品']
0,169,【主播推荐】鱼缸造景鱼缸假山树脂摆件装饰水族用品摆设造景江南,['宠物 宠物用品 其它水族用品']
0,170,鱼缸过滤棉专用净水材料高密度净化加厚生化棉去除黄水洗不烂魔毯,['宠物 宠物用品 其它水族用品']
0,171,螃蟹缸 养 专用六角恐龙鱼乌龟专用水陆两用鱼缸家用大型特大超大,['宠物 宠物用品 鱼缸']
0,172,【生态瓶】挂墙式金鱼缸壁挂鱼缸客厅小型花瓶卧室墙饰微景缸小,['宠物 宠物用品 鱼缸']
0,173,鱼缸裸缸小型普通玻璃养金鱼专用扁鱼缸螃蟹缸园圆形鼓缸客厅家用,['宠物 宠物用品 鱼缸']
0,174,客厅大大型鱼缸水族箱屏风隔断免换水家用落地底滤2米超白龙鱼缸,['宠物 宠物用品 鱼缸']
0,175,定做水母缸定制中型大型鱼缸水母缸酒吧咖啡KTV公司鱼缸水族箱,['宠物 宠物用品 鱼缸']
0,176,爱墨小标M108智能标签打印机学校姓名贴药盒标记生活DIY标签,['电脑办公 办公打印 打印机']
0,177,汉印MT800无线蓝牙手机打印家用迷小型学生作业试卷便携打印机,['电脑办公 办公打印 打印机']
0,178,爱普生EPSON L6178喷墨打印机 商用打印 彩色无线打印/复印/扫描,['电脑办公 办公打印 打印机']
0,179,奔图（PANTUM）P2206NW黑白激光无线家用打印机,['电脑办公 办公打印 打印机']
0,180,惠普M154a/nw 254nw/dw彩色激光小型打印机无线WiFi家用办公高清,['电脑办公 办公打印 打印机']
0,181,印联盟 施乐 C7780 四代 彩色复印机 高标准再制造 特价不包邮,['电脑办公 办公打印 复印机']
0,182,佳能5560彩色复印机 Wi-Fi 双面 四川销售,['电脑办公 办公打印 复印机']
0,183,【文印链】佳能5560再制造复印机,['电脑办公 办公打印 复印机']
0,184,施乐5575彩色黑白A3A4复印机不包邮,['电脑办公 办公打印 复印机']
0,185,美版施乐五代中高速黑白打印复印机7970激光印不干胶铜板厚纸7835,['电脑办公 办公打印 复印机']
0,186,理光M-C2001/C2000原厂碳粉,['电脑办公 办公打印 墨粉']
0,187,迈思Q2612A碳粉适用HP1020 plus墨粉M1005激光打印机HP1005六瓶装,['电脑办公 办公打印 墨粉']
0,188,适用佳能lbp2900碳粉mf4010b4012打印机墨粉佳能2900303墨粉,['电脑办公 办公打印 墨粉']
0,189,适用兄弟MFC-L2700DW打印机碳粉MFC-L2740DW MFC-L2700D墨粉通用,['电脑办公 办公打印 墨粉']
0,190,【文印链】工程机专用碳粉 奥西/kip/施乐/精工,['电脑办公 办公打印 墨粉']
0,191,原装佳能845 846 MG2580s 2400 2980 3080TS3180 845S打印机墨盒,['电脑办公 办公打印 墨盒']
0,192,适用京瓷2010粉盒TK4128碳粉2010201122102211复印机墨粉,['电脑办公 办公打印 墨盒']
0,193,佳能crg047粉盒CRG049鼓架 佳能mf112墨粉盒易,['电脑办公 办公打印 墨盒']
0,194,适用兄弟7195粉盒7195dw打印机硒鼓BROTHER 2425易加粉7895墨盒,['电脑办公 办公打印 墨盒']
0,195,联想7216粉盒 联想M7216NWA硒鼓打印机墨盒易加粉息鼓鼓架墨粉盒,['电脑办公 办公打印 墨盒']
0,196,EPSON爱普生GT-1500扫描仪发票文件照片自动连续进纸+平板扫描仪,['电脑办公 办公打印 扫描仪']
0,197,松下KV-S5055C 5058 5085 5095扫描仪 A3高速文档专业双面阅卷机,['电脑办公 办公打印 扫描仪']
0,198,速狗PT860盘点机无线扫描枪条码数据采集器二维pda,['电脑办公 办公打印 扫描仪']
0,199,销邦SK1102二维影像有线扫描器扫描支付收银微信收银仓库盘点机,['电脑办公 办公打印 扫描仪']
0,200,得力扫码器激光扫描平台商城超市收银专用扫描枪一二维码条码识别,['电脑办公 办公打印 扫描仪']
0,201,适用爱普生PLQ20K色带架 PLQ-20K色带框EPSON LQ90KP PLQ30K 22K,['电脑办公 办公打印 色带']
0,202,原装色带盒P8003H N738H  P8206H P8208H 色带 259886-104,['电脑办公 办公打印 色带']
0,203,原装PLQ-20K 打印机色带架PLQ-30K 20KM 30KM LQ-90KP存折结婚证,['电脑办公 办公打印 色带']
0,204,天威用于STAR实达AR970色带架NX600 AR2470 色带条 NX650 AR5400,['电脑办公 办公打印 色带']
0,205,LQ630K色带 适用EPSON LQ615KII LQ635K针式打印机色带架 爱普生L,['电脑办公 办公打印 色带']
0,206,碎乐(Ceiro)S50i碎纸机德国[DIN66399]标准4级保密小型办公碎纸机,['电脑办公 办公打印 碎纸机']
0,207,盆景碎纸机电机319/719/629/519/3P27B/4P23/318/6129马达等配件,['电脑办公 办公打印 碎纸机']
0,208,27530碎纸机办公室大型文件碎纸机商用大功率电动碎纸机,['电脑办公 办公打印 碎纸机']
0,209,家用碎纸机6.5+600只管，雾化喷壶，收纳盒，试用装,['电脑办公 办公打印 碎纸机']
0,210,A4手摇碎纸机 创意个性 时尚 办公用品 229BS手动迷你碎纸机,['电脑办公 办公打印 碎纸机']
0,211,爱普生激光投影仪CB-L200W办公高清投影WXGA宽屏高亮激光无线投屏,['电脑办公 办公打印 投影机']
0,212,稚慧光智能高清视频展台网络远程钉钉直播微课录制设备书画投影仪,['电脑办公 办公打印 投影机']
0,213,通用投影仪支架极米Z6XZ8X置物架免打孔小米坚果桌面投影机支撑架,['电脑办公 办公打印 投影机']
0,214,NEC-M322X+高清投影仪带HDMI高清接口3200流明,['电脑办公 办公打印 投影机']
0,215,极米新品 Z6X Pro 投影仪双摄自适应实时防射眼哈曼卡顿专利音响,['电脑办公 办公打印 投影机']
0,216,Deli/得力204a硒鼓适用惠普cf510a-513a四色硒鼓可单支购买,['电脑办公 办公打印 硒鼓']
0,217,巨威适用得力T2S硒鼓得力Deli M2020碳粉盒P2020激光打印机墨粉盒,['电脑办公 办公打印 墨盒']
0,218,天威适用惠普m180n硒鼓CF510A/204a粉盒M154 M180 M154nw M154a M,['电脑办公 办公打印 硒鼓']
0,219,老班适用佳能328硒鼓 4410 4412 4420 4450 4452 4750易加粉硒鼓,['电脑办公 办公打印 硒鼓']
0,220,惠普2612A硒鼓 适用于惠普1020 M1005佳能2900硒鼓,['电脑办公 办公打印 硒鼓']
0,221,联想（Lenovo）M100W新品黑白激光无线WiFi打印多功能一体机,['电脑办公 办公打印 一体机']
0,222,Epson/爱普生L3169墨仓式办公家用打印复印扫描无线一体机,['电脑办公 办公打印 一体机']
0,223,学生家用打印机佳能MG2580s彩色照片A4黑白作业手机复印一体机,['电脑办公 办公打印 一体机']
0,224,惠普（HP）M126nw黑白激光无线多功能一体机（打印 复印 扫描）,['电脑办公 办公打印 一体机']
0,225,HP/惠普tank672彩色家用小型自动双面连供打印机复印一体机A4无线,['电脑办公 办公打印 一体机']
0,226,酒店出差旅行宾馆防监听防盗报警器摄像头检测扫描仪监控探测器,['电脑办公 办公文仪 安防监控']
0,227,太阳能5G监控摄像头手机远程360度全景监控无需网络高清室外夜视,['电脑办公 办公文仪 安防监控']
0,228,欢迎光临感应器店铺进门语音迎宾器红外线感应门铃,['电脑办公 办公文仪 安防监控']
0,229,【限时特惠】一氧化碳报警器煤炉煤气中毒探测器煤烟报警器,['电脑办公 办公文仪 安防监控']
0,230,太阳能防盗报警器防水户外大音量语音定制防小偷红外线感应警报器,['电脑办公 办公文仪 安防监控']
0,231,白板支架式小学生黑板移动式家用教学画板儿童双面办公培训写字板,['电脑办公 办公文仪 白板封装']
0,232,孟赢磁性黑板贴黑板纸墙贴可擦写白板不伤墙儿童小学生教学家用,['电脑办公 办公文仪 白板封装']
0,233,单双面磁性挂式白板写字板小黑板家用儿童教学可擦移动办公会议白,['电脑办公 办公文仪 白板封装']
0,234,ins简约黑色涂鸦留言板学生家用软磁力冰箱贴照片展示写字板可擦,['电脑办公 办公文仪 白板封装']
0,235,【小莹】黑板吸铁石教学平面笑脸圆形强力磁铁磁力贴磁性白板彩色,['电脑办公 办公文仪 白板封装']
0,236,便签纸白纸白色空白便条纸办公长方形便笺ins风小本子无粘性可爱,['电脑办公 办公文仪 办公文具']
0,237,文具套装7号笔/本子/笔袋/文件袋/ 胶粘用品/其他办公用品,['电脑办公 办公文仪 办公文具']
0,238,良乐平夹木质纸质文件夹商务办公用文件夹板A416K32K带挂,['电脑办公 办公文仪 办公文具']
0,239,三木按动中性笔黑色红色蓝色0.5m碳素笔速干考试办公商务文具,['电脑办公 办公文仪 办公文具']
0,240,得力0391钉书机订书器重型订书机省力型订60页得力大号订书器办公,['电脑办公 办公文仪 办公文具']
0,241,ONNAIS/欧奈斯保险柜家用大型80cm双门办公室全钢防盗指纹密码,['电脑办公 办公文仪 保险柜']
0,242,推荐安工保险柜大型单门办公室防盗防撬商用保管箱柜80cm1米,['电脑办公 办公文仪 保险柜']
0,243,隐形保险柜家用小型抽屉上翻密码保险箱床头衣柜保管箱车载保险箱,['电脑办公 办公文仪 保险柜']
0,244,睿益堡床头保险柜床头隐形保险箱高指纹密码床头柜带报警,['电脑办公 办公文仪 保险柜']
0,245,得力保险箱家用防盗小型迷你床头家庭保险柜带指纹锁密码清仓,['电脑办公 办公文仪 保险柜']
0,246,晨光文具儿童手工剪刀安全幼儿园塑料剪刀小学生可爱不伤手3-6,['电脑办公 办公文仪 裁剪用品']
0,247,ins风可爱便携式美工刀猫爪拆快递小刀裁纸刀学生手账多用手工刀i,['电脑办公 办公文仪 裁剪用品']
0,248,美工刀30°锐角 手工DIY皮革雕刻刀笔刀 自锁日本生产 LTD-05,['电脑办公 办公文仪 裁剪用品']
0,249,得力美工刀锌合金重型加厚壁纸刀工业用大号不锈钢全金属刀裁纸刀,['电脑办公 办公文仪 裁剪用品']
0,250,迷你美工刀可爱云朵开箱涂改器小刀拆快递神器涂码笔,['电脑办公 办公文仪 裁剪用品']
0,251,晨光印泥印章印台红色财务办公用品小号便携盖章按手印快速干印泥,['电脑办公 办公文仪 财务用品']
0,252,七彩通信销货清单32开20组送货单大号无碳复写二联三联售货发货本,['电脑办公 办公文仪 财务用品']
0,253,公司单位欠款条二联定做个人私人欠款欠条正规货款欠款单欠据印刷,['电脑办公 办公文仪 财务用品']
0,254,10个红色印台印泥印章用铁盒工艺快干印泥大中小财务印台,['电脑办公 办公文仪 财务用品']
0,255,32K二联三联送货单横款大号两联4联手写无碳复写纸单栏出货单,['电脑办公 办公文仪 财务用品']
0,256,美团收银机一体机触摸屏快餐饮奶茶店母婴水果店超市便利店收款机,['电脑办公 办公文仪 点钞机']
0,257,管家婆ishop智能收银机AECR C7主屏15.6寸副屏15.6寸副屏不能互动,['电脑办公 办公文仪 点钞机']
0,258,掌柜智囊双屏收银机,['电脑办公 办公文仪 点钞机']
0,259,科密(comet)验钞机B1+ 2019年新版智能点钞机,['电脑办公 办公文仪 点钞机']
0,260,红外线紫光照明验钞灯三合一验钞笔教鞭笔迷你荧光剂检测笔,['电脑办公 办公文仪 点钞机']
0,261,Hivi/惠威 VA4-OS/VA5-OS/VA6-OS/VA8-OS壁挂音响套装会议音箱,['电脑办公 办公文仪 呼叫会议设备']
0,262,盈盈筒扬声器专用会议室笔记本台式机电脑麦降噪全指向专业桌面麦,['电脑办公 办公文仪 呼叫会议设备']
0,263,高端峰火BM-K-5烽火会议环境降噪高保真拾音器海康大华学校监控专,['电脑办公 办公文仪 呼叫会议设备']
0,264,【淘猫猫严选】领夹麦克风话筒专业小蜜蜂胸麦讲课演讲会议导游音,['电脑办公 办公文仪 呼叫会议设备']
0,265,直播麦克风视频会议电脑网课采访短视频专业拍vlog摄像收录音,['电脑办公 办公文仪 呼叫会议设备']
0,266,学生用会计职业考试审计建筑统计科学函数多功能计算器财务计算,['电脑办公 办公文仪 计算器']
0,267,随身便携迷你小号可爱卡通Kitty学生计算器叮当猫计算机12位数,['电脑办公 办公文仪 计算器']
0,268,【2001】创意办公充电宝计算器,['电脑办公 办公文仪 计算器']
0,269,得力计算器大号大屏大按键计算机器会计专用多功能记算机带语音,['电脑办公 办公文仪 计算器']
0,270,透明按键大号语音计算财务办公专用计算器,['电脑办公 办公文仪 计算器']
0,271,得力考勤机34521指纹人脸脸部打卡机签到员工智能识别3960z一体机,['电脑办公 办公文仪 考勤机']
0,272,签到打卡机考勤架卡位位标方便挂墙放置员工墙挂卡托卡槽制卡直板,['家居家装 生活日用 收纳用品']
0,273,钉钉打卡机M1Xpro面部识别打卡机人脸钉钉考勤机WiFi蓝牙异地考勤,['电脑办公 办公文仪 考勤机']
0,274,IFACE702人脸考勤机 IFACE702考勤机 IFACE702,['电脑办公 办公文仪 考勤机']
0,275,指纹识别打卡机考勤机员工上班手指签到手机智能打卡神器,['电脑办公 办公文仪 考勤机']
0,276,卡通奥特曼接送幼儿园卡校园胸卡门禁卡证件卡套工作证公交卡套交,['电脑办公 办公文仪 其它']
0,277,卡通少女可爱员工牌厂牌定制市民门禁公交卡保护套卡通胸卡证件卡,['电脑办公 办公文仪 其它']
0,278,驾驶证皮套行驶证皮套驾照本卡包机动车证件保护套男女大容量时,['箱包饰品 女包 女士钱包卡包']
0,279,幼儿园接送卡套可爱卡通弹簧绳伸缩学生校园证件套工作公交卡地铁,['电脑办公 办公文仪 其它']
0,280,【俞文】驾驶证套女行驶证二合一证件保护套,['电脑办公 办公文仪 其它']
0,281,【主播推荐】固体水彩颜料套装铁盒装48色36色画画工具学生美术用,['电脑办公 办公文仪 书法美术用具']
0,282,幼儿字帖学前幼儿园初学者练字汉字笔画笔顺拼音字母描红写字本,['电脑办公 办公文仪 书法美术用具']
0,283,温莎牛顿油画颜料12色18色套装初学者成人美术手绘颜料管状12ml,['电脑办公 办公文仪 书法美术用具']
0,284,笔墨天地狼毫兼毫羊毫毛笔三支装  纯狼毫中楷行书隶书楷书欧体,['电脑办公 办公文仪 书法美术用具']
0,285,得力A920练字钢笔学生可换墨囊儿童矫姿卡通可爱硬笔书法,['电脑办公 办公文仪 书法美术用具']
0,286,【仙女】护指绷带学生写字水果护手指胶带防磨防茧神器自粘打球缠,['电脑办公 办公文仪 学生文具教具']
0,287,【花蕾】英语单词本简约本子英语笔记本厚大学生单词记忆本a5单词,['图书音像 图书 工具书']
0,288,ins限定软萌熊按动中性笔卡通高颜值网红韩版可爱学生0.5黑色笔,['电脑办公 办公文仪 学生文具教具']
0,289,手摇削笔器小猪卷皮刀小学生转笔刀铅笔刀卡通削笔机自动刨笔机,['电脑办公 办公文仪 学生文具教具']
0,290,直尺套尺学生用文具多功能绘图尺三角尺量角器三角板中小学生考试,['电脑办公 办公文仪 学生文具教具']
0,291,MSI/微星B560M BOMBER+Intel i7 11700 CPU主板套装,['电脑办公 电脑配件 CPU']
0,292,Intel/英特尔【12代新品】intel/英特尔i9 12900K酷睿处理器,['电脑办公 电脑配件 CPU']
0,293,AMD 锐龙  台式机 CPU 处理器 R9 5800X 盒装CPU,['电脑办公 电脑配件 CPU']
0,294,AMD 锐龙 5900Xcpu处理器全新盒装r9台式机电脑12核24线程可搭B55,['电脑办公 电脑配件 CPU']
0,295,AMD 锐龙7 5700X/R5 5600 8核16线程 3.4GHz 65W AM4接口 盒装CPU,['电脑办公 电脑配件 CPU']
0,296,笔记本电脑支架 实木立式增高架 创意散热底座颈椎桌面,['电脑办公 电脑配件 散热器']
0,297,【优选好品】桌面装饰ins布置笔记本电脑架桌子上收纳置物架支架,['电脑办公 电脑配件 笔记本配件']
0,298,HDMI TO VGA带音频网电脑笔记本投影仪显示器高清VGA转换器,['电脑办公 外设产品 线缆']
0,299,适用2020macbookpro13寸保护壳苹果笔记本电脑Air13.3软16套11m1,['电脑办公 电脑配件 笔记本配件']
0,300,笔记本手提包电脑包女联想华硕戴尔苹果小米13.3 14 15.6寸保护套,['电脑办公 电脑配件 笔记本配件']
0,301,微星额定650W750W850W金牌全模组台式机电脑电源,['电脑办公 电脑配件 电源']
0,302,全模组电竞500W台式电脑主机电源宽幅静音电源额定500W峰值600W,['电脑办公 电脑配件 电源']
0,303,【乐信】苹果笔记本电脑充电器电源适配器air苹果笔记本,['电脑办公 电脑配件 电源']
0,304,正品长城电源G5铜牌电源550W电脑电源 台式机atx电源机箱电源静音,['电脑办公 电脑配件 电源']
0,305,苹果电脑充电器Macbookairpro笔记本电源适配器45W60W85W,['电脑办公 电脑配件 电源']
0,306,4U机箱8.9寸触摸显示屏铝面板工业电脑机架式一体化工作站服务器,['电脑办公 电脑整机 服务器工作站']
0,307,鑫谷（Segotep）直男一号机箱atx主板位240水冷电脑机箱玻璃侧透,['电脑办公 电脑配件 机箱']
0,308,动力火车传祺ATX机箱,['电脑办公 电脑配件 机箱']
0,309,研祥工控机箱ipc-710h硬盘减震atx工业主板标准19寸4u服务器机箱,['电脑办公 电脑配件 机箱']
0,310,i5.12400F-B660-16G-RTX3050-512GM.2-RANRZ侧透机箱,['电脑办公 电脑配件 机箱']
0,311,绿巨能（llano）type-c移动光驱笔记本外置光驱刻录机USB/type-c,['电脑办公 电脑配件 刻录机光驱']
0,312,外置dvd光驱USB移动光驱光盘刻录机电脑通用外接读碟读光盘光驱,['电脑办公 电脑配件 刻录机光驱']
0,313,usb外置光驱光盘拷贝读取与刻录电脑通用DVD刻录机Type-c接口光驱,['电脑办公 电脑配件 刻录机光驱']
0,314,dell24倍数外置光驱CDDVD刻录机USB移动外接光驱DW316台式机笔记,['电脑办公 电脑配件 刻录机光驱']
0,315,USB3.0光驱DVD刻录机 电脑通用外置光驱盒读碟读光盘CD/DVD刻录机,['电脑办公 电脑配件 刻录机光驱']
0,316,联想ThinkpadL560 i5-6200 8G内存 240G固态 1920*1080,['电脑办公 电脑配件 内存']
0,317,飞行堡垒 FX63 i7-7700H-8G内存-128固态-1000G机械-GTX1050_4g,['电脑办公 电脑配件 内存']
0,318,海盗船复仇者16G内存条 DDR5 5200HMz台式内存高速电竞铂金统治者,['电脑办公 电脑配件 内存']
0,319,七彩虹(Colorful) 16G 3200 DDR4 内存条 电脑主机内存普条,['电脑办公 电脑配件 内存']
0,320,影驰GALAX 星曜 8/16GB DDR4 3000/3200/3600MHz 台式电脑内存条,['电脑办公 电脑配件 内存']
0,321,v7华为matepad11保护套10.4平板pro10.8壳m6硅胶s5青春版10.1m3,['电脑办公 电脑配件 平板电脑配件']
0,322,嘉速 苹果 ipad 2021/2020款 10.2英寸防蓝光钢化膜 平板电脑防,['电脑办公 电脑配件 平板电脑配件']
0,323,iPad保护套2019新款ipad2苹果air3/2全包网红pro10.5/11防摔9.7寸,['电脑办公 电脑配件 平板电脑配件']
0,324,小米平板4plus保护套8寸微尔莉特新款10.1英寸壳子动漫,['电脑办公 电脑配件 平板电脑配件']
0,325,华为MatePadPro12.6寸蓝牙键盘MatePad11带触控板磁吸保护套10.8,['电脑办公 电脑配件 平板电脑配件']
0,326,京东京造 排插收纳盒 充电器数据线理线器 电线桌面插排插座拖线,['家用电器 生活电器 插座插线板']
0,327,桌面固线夹数据线固定器汽车充电线收纳器鼠标线夹线束网线理线器,['电脑办公 外设产品 USB周边']
0,328,绿联桌面理线器 数据线收纳 充电线路整理 固定器,['家居家装 生活日用 收纳用品']
0,329,火线竞技游戏鼠标线夹固线器集线器夹线器理线器线支架夹子绕线器,['电脑办公 外设产品 鼠标']
0,330,戴尔华硕联想华为13.3/14/15.6寸笔记本男女士手提电脑包内胆包,['电脑办公 电脑配件 笔记本配件']
0,331,战枭120/240/一体式水冷CPU散热器台式机电脑静音多平台cpu散热器,['电脑办公 电脑配件 散热器']
0,332,【雷蛇数码福利】笔记本电脑散热器散热风扇10-15.6英寸可用,['电脑办公 电脑配件 散热器']
0,333,游戏悍将凛冬G400散热器电脑CPU风冷炫彩风扇四六铜管塔式多平台,['电脑办公 电脑配件 散热器']
0,334,笔记本散热器支架电脑底座脚垫便携垫球板静音风扇降温神器冰垫适,['电脑办公 电脑配件 散热器']
0,335,华硕(ASUS)ROG 龙神240一体式CPU水冷散热器,['电脑办公 电脑配件 散热器']
0,336,英创（备用）M9声卡【有线麦】套装直播唱歌喊麦录音设备,['电脑办公 电脑配件 声卡扩展卡']
0,337,Bole/声佰乐B6手机直播声卡全套通用声卡主播K歌户外录音唱歌设备,['电脑办公 电脑配件 声卡扩展卡']
0,338,声卡套装手机电脑变声器通用唱歌主播麦克风K歌抖音直播设备全套,['电脑办公 电脑配件 声卡扩展卡']
0,339,【新款】TIANYUN天韵M9声卡+U87麦克风套装网红声卡直播设备套装,['电脑办公 电脑配件 声卡扩展卡']
0,340,V8声卡直播全套手机唱歌专用变声器话筒电脑直播设备套装k歌神器,['电脑办公 电脑配件 声卡扩展卡']
0,341,MSI/微星RTX 3070 8G魔龙主机电竞游戏台式机电脑全新独立显卡,['电脑办公 电脑整机 组装电脑']
0,342,Colorful/七彩虹iGame GeForce RTX 3070 Ti Ultra W OC 8G 显卡,['电脑办公 电脑配件 显卡']
0,343,华硕 ASUS TUF GTX1660TI 6G GAMING  电竞游戏独立显卡,['电脑办公 电脑配件 显卡']
0,344,七彩虹显卡RTX 3090 kudan九段 台式机电竞游戏电脑配置高端,['电脑办公 电脑配件 显卡']
0,345,技嘉 GTX1650 OC 4GB D6机箱主机台式GTX独立显卡,['电脑办公 电脑配件 机箱']
0,346,HKC/惠科 V2712 27英寸IPS  高清广视角 HDMI接口 显示器,['电脑办公 电脑配件 显示器']
0,347,戴尔（DELL）C2722DE 27英寸2K IPS屏 内置摄像头视频会议显示器,['电脑办公 电脑配件 显示器']
0,348,AOC23.8英寸75Hz低蓝光可壁挂 窄边框 节能办公显示器 24B2XHM,['电脑办公 电脑配件 显示器']
0,349,小米/Redmi 23.8吋显示器便携家用办公台式电脑液晶屏官网,['电脑办公 电脑配件 显示器']
0,350,三星27英寸S27A800UJC 4K高清显示器Type-C90W快充台式电脑IPS,['电脑办公 电脑配件 显示器']
0,351,【兔头推荐】铠侠RC10系列PCIE3.0高速NVME协议M2固态硬盘,['电脑办公 电脑配件 硬盘']
0,352,金士顿(Kingston) A2000/NV1固态硬盘 M.2 NVMe协议 250/500/1TG,['电脑办公 电脑配件 硬盘']
0,353,希捷(Seagate)1TB 台式机机械硬盘 SATA接口 希捷酷鱼 简包,['电脑办公 电脑配件 硬盘']
0,354,120G240G256G固态硬盘SSD笔记本台式机电脑高速2.5寸SATA3,['电脑办公 电脑配件 硬盘']
0,355,西数SN750 SE PCIE4.0黑盘250G 500G 1TB西部数据固态硬盘,['电脑办公 电脑配件 硬盘']
0,356,Asus/华硕玩家国度ROG STRIX B550-A GAMING吹雪主板 AMD AM4,['电脑办公 电脑配件 主板']
0,357,微星（MSI）Z490-A PRO电脑主板 支持 CPU 1,['电脑办公 电脑配件 主板']
0,358,华硕（ASUS）TUF GAMING B460-PRO (WI-FI)主板,['电脑办公 电脑配件 主板']
0,359,ASUS/华硕 PRIME H410M-K R2.0 台式机主板 支持10代英特尔处理器,['电脑办公 电脑配件 主板']
0,360,映泰 (BIOSTAR)A320MH MATX主板千兆 HV 全固 锐龙1-3代,['电脑办公 电脑配件 主板']
0,361,笔记本电脑 ThinkpadT420 T430 i5 i7手提商务办公本,['电脑办公 电脑整机 笔记本']
0,362,【品牌补贴】雷神911Plus巨兽17.3大屏游戏本1126016G512GRTX3060,['电脑办公 电脑整机 笔记本']
0,363,笔记本电脑 轻薄便携 学生手提13.3英寸商务办公学习本LOL游戏本,['电脑办公 电脑整机 笔记本']
0,364,【ZHC】ROG枪神6Plus第12代英特尔酷睿17.3英寸游戏本笔记本电脑,['电脑办公 电脑整机 笔记本']
0,365,Air13寸轻薄笔记本电脑 商务办公,['电脑办公 电脑整机 笔记本']
0,366,ZBOOKG3工作站笔记本电脑绘图建模设计渲染仿真M7720M7510M5510,['电脑办公 电脑整机 服务器工作站']
0,367,戴尔（DELL）R240/R440服务器主机 机架式服务器ERP文件,['电脑办公 电脑整机 服务器工作站']
0,368,戴尔/dell 移动工作站 M7510 M7710 M7720 M7730 M7740 二手电脑,['电脑办公 电脑整机 服务器工作站']
0,369,惠普G3 G5/联想P50 图形工作站,['电脑办公 电脑整机 服务器工作站']
0,370,黑蘋果酷睿i7 12700F/WX5100设计师剪辑后期图形工作站电脑主机,['电脑办公 电脑整机 服务器工作站']
0,371,【新】Apple/苹果 10.2英寸iPad 64G(第9代)平板电脑 正品国行⑤,['电脑办公 电脑整机 平板电脑']
0,372,11英寸 iPad Pro 平板电脑,['电脑办公 电脑整机 平板电脑']
0,373,【昕联·ipad】国行官换仅激活   iPad mini5  64G  WIFI,['电脑办公 电脑整机 平板电脑']
0,374,【搭载HarmonyOS 2】HUAWEI MatePad Pro 10.8英寸 2021款,['电脑办公 电脑整机 平板电脑']
0,375,Huawei/华为MatePad11 平板电脑 120Hz高刷 影音娱乐游戏学习pad,['电脑办公 电脑整机 平板电脑']
0,376,【双十二】耕升3070追风十二代I5电脑游戏电竞电脑主机,['电脑办公 电脑整机 组装电脑']
0,377,【配置四】12700KF+Z690吹雪+16G+500G+850W包豪斯海景房主机,['电脑办公 电脑整机 组装电脑']
0,378,IPASON/攀升23.8英寸一体机台式电脑 【升降版】J4125 8G 512G,['电脑办公 电脑整机 笔记本']
0,379,HP/惠普hp/惠普商用台式机282 proG5,['电脑办公 电脑整机 组装电脑']
0,380,【NV推荐】I9 10900K+RTX 3070 8G 魔龙+512G固态电竞游戏主机,['电脑办公 电脑整机 组装电脑']
0,381,12代I5 12400/F无显卡/2060/3060ti游戏主机台式电脑组装机B660,['电脑办公 电脑整机 组装电脑']
0,382,AMD台式电脑主机全套办公家用游戏整机diy兼容机组装机8G可WIFI,['电脑办公 电脑整机 组装电脑']
0,383,Intel/英特尔i3 110105 英特尔核显 宇瞻8G内存 组装机,['电脑办公 电脑配件 内存']
0,384,全新i3台式电脑主机办公家用游戏电脑整机diy组装机i5 i7全套工控,['电脑办公 电脑整机 组装电脑']
0,385,剑灵AMD电脑R5 5600G/讯景RX 6600XT整机台式机永劫无间DIY组装机,['电脑办公 电脑整机 组装电脑']
0,386,ups不间断电源3kva2400W稳压电源医疗设备专用不间断电源直供,['电脑办公 外设产品 UPS电源']
0,387,SMH森麦汉SY50a600V大电流工业对接插头UPS电源电动车充电连接器,['电脑办公 外设产品 UPS电源']
0,388,5V9V12V光猫路由器蓄电池UPS不间断电源寝室WIFI断电不断网包邮,['电脑办公 外设产品 UPS电源']
0,389,【优选好品】ups后备电源不间断电停电续航防水12v2a光猫无线监控,['电脑办公 外设产品 UPS电源']
0,390,12V250AH铅酸蓄电池，UPS，EPS，直流屏电池，后备电源专用蓄电池,['电脑办公 外设产品 UPS电源']
0,391,现货秒发usb无叶挂脖小风扇可充电挂脖式迷你电风扇男女通用4月11,['家用电器 生活电器 电风扇']
0,392,雨硕ps2转usb转换接头线电脑鼠标键盘圆口圆头usb转接口ps2转换器,['电脑办公 外设产品 USB周边']
0,393,TOURACE/途瑞斯usb夹子小风扇便携式学生宿舍迷你大风力桌面静音,['电脑办公 外设产品 USB周边']
0,394,适用华为OTG转接头USB3.0手机转接v30数据线连接手机U盘转换器typ,['手机数码 手机配件 充电器数据线']
0,395,办公室桌面可旋转升降小电风扇usb充电式静音宿舍家用户外便携式,['电脑办公 外设产品 USB周边']
0,396,闪迪(SanDisk)64GB USB3.0 U盘 CZ73酷铄 银色 读速150MB/s,['电脑办公 外设产品 U盘']
0,397,金士顿（Kingston）U盘 DTCNY21 十二生肖之牛年限量版,['电脑办公 外设产品 U盘']
0,398,咪咕漫威正版复仇者联盟MK46钢铁侠个性大容量USB3.1高速读写U盘,['电脑办公 外设产品 U盘']
0,399,摩闪-M027U盘,['电脑办公 外设产品 U盘']
0,400,三星32G 64G 128G 256g高速USB3.1金属type-c适用手机电脑两用,['电脑办公 外设产品 U盘']
0,401,庆恒BUBM键盘清洁泥笔记本电脑苹果macbook清理工具吸,['电脑办公 外设产品 电脑清洁']
0,402,水晶清洁胶魔力去尘胶2代电脑键盘清洁泥键盘泥,['电脑办公 外设产品 电脑清洁']
0,403,【年后发货】屏幕清洁剂笔记本电脑屏幕清洁去污一体手机清洁神器,['电脑办公 外设产品 电脑清洁']
0,404,键盘刷笔记本电脑清洁刷耳机多功能套装除尘工具多用清理毛刷扫灰,['电脑办公 外设产品 电脑清洁']
0,405,机械键盘清洁电脑笔记本清理工具套装清洗神器拔键器帽轴手机除尘,['电脑办公 外设产品 电脑清洁']
0,406,正品Razer雷蛇Pro Type笔记本办公无线蓝牙2.4G静音橙轴机械键盘,['电脑办公 外设产品 键盘']
0,407,HP/惠普CS750 无线蓝牙双模式键鼠套装蓝牙办公键鼠 轻薄小尺寸,['电脑办公 外设产品 鼠标']
0,408,华硕 TUF 飞行堡垒K3有线键盘 RGB背光 带掌托 光学机械红轴 黑色,['电脑办公 外设产品 键盘']
0,409,ROG玩家国度游侠RX RGB有线游戏机械键盘 RX光学 华硕键盘,['电脑办公 外设产品 键盘']
0,410,顺丰K845背光机械键盘游戏樱桃青红茶轴有线电脑电竞吃鸡专用,['电脑办公 外设产品 键盘']
0,411,SSK飚王高速usb3.0移动硬盘盒通用笔记本电脑2.5英寸ssd外接,['电脑办公 外设产品 其它外设产品']
0,412,mSATA迷你PCI-E SATA固态硬盘转2.5寸IDE 44pin笔记本硬盘盒,['电脑办公 外设产品 其它外设产品']
0,413,串口SATA移动硬盘盒透明USB3.0笔记本固态机械2.5寸硬盘盒,['电脑办公 外设产品 其它外设产品']
0,414,移动硬盘盒2.5英寸USB3.0 Type-c外接笔记本支持机械SATA SSD固态,['电脑办公 外设产品 其它外设产品']
0,415,3.5寸支架DIY硬盘盒堆叠架固定HDD机械硬盘亚克力机箱多盘位风扇,['电脑办公 外设产品 其它外设产品']
0,416,WiFi版黑光摄像头（高清800万）,['电脑办公 外设产品 摄像头']
0,417,海雀AI摄像头  云台超清版,['电脑办公 外设产品 摄像头']
0,418,世季F11S 增强防抖摄像头,['电脑办公 外设产品 摄像头']
0,419,【粉丝福利】领券直减送内存卡TCL品牌360°夜视高清摄像头,['电脑办公 外设产品 摄像头']
0,420,罗技C1000E平台直播美颜摄像头超高清4k电脑直播带货自动变焦,['电脑办公 外设产品 摄像头']
0,421,绘王WH1409 V2 无线数位板手绘板电脑画板绘图板手写板电子绘画板,['电脑办公 外设产品 手写板']
0,422,sLCD儿童液晶手写板画板电子写字板光能涂鸦板可充电16寸单彩大屏,['电脑办公 外设产品 手写板']
0,423,高漫 GM116HD数位屏手绘屏电脑绘图屏绘画手写屏手绘板液,['电脑办公 外设产品 手写板']
0,424,大将军电脑手写板非免驱大屏连写手写板老年人手写板笔记本电脑用,['电脑办公 外设产品 手写板']
0,425,Wacom数位板PTH660影拓5手绘板电脑绘画绘图板Intuos Pro PTH651,['电脑办公 外设产品 手写板']
0,426,高品质GW机械游戏鼠标有线电脑游戏USB台式办公电脑笔记本电竞US,['电脑办公 外设产品 鼠标']
0,427,前行者牧马人有线游戏粉色鼠标静音机械电竞宏女生可爱文艺办公家,['电脑办公 外设产品 鼠标']
0,428,正品ASUS华硕AE-01有线鼠标1.2米USB鼠标笔记本台式机商务办公用,['电脑办公 外设产品 鼠标']
0,429,多彩M618无线垂直鼠标静音充电蓝牙滑鼠手握立式办公人体工程学,['电脑办公 外设产品 鼠标']
0,430,粉色鼠标游戏专用有线女生可爱电竞静音无声按键电脑笔记本少女,['电脑办公 外设产品 鼠标']
0,431,鼠标垫动漫圆形大号ins女生卡通家用创意可爱护腕加厚电脑桌垫子,['电脑办公 外设产品 鼠标垫']
0,432,原神鼠标垫超大锁边可莉刻晴钟离甘雨魈胡桃地图键盘桌垫游戏周边,['电脑办公 外设产品 鼠标垫']
0,433,快捷键鼠标垫防滑胶垫,['电脑办公 外设产品 鼠标垫']
0,434,苹果电脑鼠标垫超大号快捷键大全办公桌垫系统桌面键盘垫定制,['电脑办公 外设产品 鼠标垫']
0,435,影级iNSIST Mars 45b电竞游戏鼠标垫办公电脑桌垫大尺寸防滑耐磨,['电脑办公 外设产品 鼠标垫']
0,436,唯格dp转hdmi转接头接口4K显卡电脑显示器转换器连接线电视高清,['电脑办公 外设产品 线缆']
0,437,超五类室外网线8芯双绞网线网络工程网线室外线20米30米成品线,['电脑办公 外设产品 线缆']
0,438,Jiasound超六类屏蔽网线LED大屏RJ45跳线数字调音CAT6网络信号线,['电脑办公 外设产品 线缆']
0,439,绿联DVI转VGA转接线 DVI-I（24+5）公对公主机电脑连接显示器投影,['电脑办公 外设产品 线缆']
0,440,绿联 HDMI线2.0版4K高清线笔记本电脑机顶盒连接电视投影仪连接线,['电脑办公 外设产品 线缆']
0,441,联想移动硬盘F308 1T/2T,['电脑办公 外设产品 移动硬盘']
0,442,联想USB3.0移动硬盘 F308 黑色,['电脑办公 外设产品 移动硬盘']
0,443,西部数据（WD）固态移动硬盘1T My Passport SSD 便携 兼容Mac,['电脑办公 外设产品 移动硬盘']
0,444,Toshiba/东芝移动硬盘4TB高速USB3.0台式硬盘2TB兼容MACA3 B3外接,['电脑办公 外设产品 移动硬盘']
0,445,钢铁侠S9爱国者移动硬盘漫威版USB3.2 GEN高速SSD移动固态,['电脑办公 外设产品 移动硬盘']
0,446,宇视科技监控用交换机8口16口24口百兆分线器分流器集线器,['电脑办公 网络设备 交换机']
0,447,海康千百兆网络监控交换机集分线器五口8口16口24 以太网5,['电脑办公 网络设备 交换机']
0,448,水星SG105C 5口8口10口16口24千兆交换机4孔宿舍网络分线分流集线,['电脑办公 网络设备 交换机']
0,449,水星交换机8口千兆八口集线器HABO监控网络分流SG108C,['电脑办公 网络设备 交换机']
0,450,POE国标交换机8+2百兆52V供电 AI智能 防雷交换机  远传输250米,['电脑办公 网络设备 交换机']
0,451,wifi信号增强器信号放大器家用wifi信号接收器中继器扩展器穿墙王,['电脑办公 网络设备 路由器']
0,452,华为H6路由器ap面板全屋WiFi6无线ax3000M组网Poe子母分布式ac+ap,['电脑办公 网络设备 路由器']
0,453,小米Redmi路由器千兆家用穿墙AC2100 5G双频WiFi游戏智能路由器,['电脑办公 网络设备 路由器']
0,454,华为路由 A2 千兆端口 凌霄四核高速WIFI路由器 覆盖更广,['电脑办公 网络设备 路由器']
0,455,TP-link tl-wdr5620家用双频1200M大户型穿墙王5g无线路由器wifi,['电脑办公 网络设备 路由器']
0,456,5G-极速版随身wifi 设备5G-4G均支持 月享10000G（送千元消费卡）,['电脑办公 网络设备 随身WIFI']
0,457,随身wifi移动wifi器便携式上网宝2100mA大电池无线宽带网络路由器,['电脑办公 网络设备 随身WIFI']
0,458,户外租房 不用插卡 不拉网线 无线随身wifi,['电脑办公 网络设备 随身WIFI']
0,459,E网时空-随身wifi（下单即送10G试用流量+一年影视卡),['电脑办公 网络设备 随身WIFI']
0,460,4G免插卡随身wifi车载家车多用便携无线网卡不限速,['电脑办公 网络设备 随身WIFI']
0,461,KVM切换器二进一出vga切换器2口转换器两台电脑主机共享一套鼠标,['电脑办公 网络设备 网络存储']
0,462,迈拓维矩kvm切换器8口USB鼠键电脑共享vga切屏器八进一出机架式,['电脑办公 网络设备 网络存储']
0,463,联想个人云T2【2块4T西部数据NAS红盘】nas网络存储服务器,['电脑办公 网络设备 网络存储']
0,464,威联通TS-451D-4G-CN 4盘位NAS网络存储设备,['电脑办公 网络设备 网络存储']
0,465,希捷 14TB 7200转PMRCMR垂直网络存储硬盘酷狼PRO ST14000NE0008,['电脑办公 网络设备 网络存储']
0,466,智能电视机无线网卡WiFi接收器 USB外置台式机电脑网络无线接收器,['电脑办公 网络设备 网卡']
0,467,大功USB无线网卡台式机笔记本电脑无线wifi接收器原装雷凌3070L,['电脑办公 网络设备 网卡']
0,468,英特尔AX200模块WIFI6双频3000M笔记本电脑M.2无线网卡蓝牙5.1,['电脑办公 网络设备 网卡']
0,469,免驱动USB无线网卡台式机笔记本电脑网络信号接收器外置发射,['电脑办公 网络设备 网卡']
0,470,TP-LINK 免驱动版无线网卡WN726N/WDN5200H 电脑WiFi接收发射器,['电脑办公 网络设备 网卡']
0,471,2020年秋冬款牙签条无痕V领男士套装保暖内衣加绒秋衣秋裤,['服装 男士内衣 保暖内衣']
0,472,Clarkarida男士保暖内衣男棉秋冬季打底加绒加厚秋衣秋裤棉毛衫,['服装 男士内衣 保暖内衣']
0,473,男士保暖内衣中老年加绒加厚套装爸爸装大码防寒秋衣秋裤,['服装 男士内衣 保暖内衣']
0,474,男士半高领秋衣秋裤圆领薄款中老年棉毛衫保暖内衣套装冬,['服装 男士内衣 保暖内衣']
0,475,【主播推荐】男士双面德绒加厚保暖内衣套装秋衣秋裤套装中高领,['服装 男士内衣 保暖内衣']
0,476,【硕博男装】夏季糖果色刺绣背心2067,['服装 男士内衣 背心']
0,477,男士吊带背心中年夏季棉老式跨栏宽松中老年人内衣汗衫青年,['服装 男士内衣 背心']
0,478,猫人睡衣男2021年新款夏季纯棉薄款无袖背心式两件套青少年家居服,['服装 男士内衣 家居服/睡衣']
0,479,【男士德绒无痕背心】中厚打底衫坎肩上衣无袖内衣背心,['服装 男士内衣 背心']
0,480,背心男网红宽松加肥加大中老年汗布吊带跨栏背心男士内衣休闲纯色,['服装 男士内衣 背心']
0,481,睡衣男秋冬三层加厚夹棉可外穿保暖大码冬季家居休闲服套装,['服装 男士内衣 家居服/睡衣']
0,482,睡衣男士冬季冬天珊瑚绒法兰绒夹棉袄三层加厚超厚加绒保暖秋冬款,['服装 男士内衣 家居服/睡衣']
0,483,男士三分短裤五分裤夏外穿薄款潮棉绸睡衣男休闲宽松家居健身睡觉,['服装 男士内衣 家居服/睡衣']
0,484,《囡囝》睡衣男秋冬款加绒加厚珊瑚绒卡通青少年男士法兰绒保暖家,['服装 男士内衣 家居服/睡衣']
0,485,男士短袖短裤家居服套装,['服装 男士内衣 家居服/睡衣']
0,486,Kangnai/康奈男士夏季速干内裤（4条装）,['服装 男士内衣 内裤']
0,487,【2021潮流内裤】个性四角纯棉 不起球不褪色 正品包邮！,['服装 女士内衣 内裤']
0,488,【冰丝无痕】HLA海澜之家石墨烯抑菌裆冰丝内裤男HBANKM2AAE0002,['服装 男士内衣 内裤']
0,489,4条装 男士内裤男平角裤中腰透气舒适男内裤男四角裤头内裤,['服装 男士内衣 内裤']
0,490,TEAL品牌80支兰精莫代尔男士无痕内裤甲壳素抑菌内档高端格子裤头,['服装 男士内衣 内裤']
0,491,男士光腿冬季厚绒裤一体裤高弹打底秋裤新,['服装 男装 男士加绒裤']
0,492,男士亲肤舒适秋衣裤套装，买一送一有瑕疵介意勿拍,['服装 男装 男士其它']
0,493,2809男士秋衣套装,['服装 男装 男士其它']
0,494,红豆男士式加大加肥码单件单条棉质，棉质，秋裤线裤衬裤棉毛裤保,['服装 男装 男士大码装']
0,495,【老爸】男士秋裤 95%棉+5%氨纶 2627,['服装 男装 男士棉裤']
0,496,袜子男士短袜棉防臭吸汗中筒船袜短款夏季全棉薄款篮球运动白色,['服装 男士内衣 袜子']
0,497,袜子男男款短男士短袜防臭ins潮流百搭夏季薄款透气男袜浅口船,['服装 男士内衣 袜子']
0,498,馆择云品旗下饰迹3A抗菌袜子男秋冬中筒袜商务男袜休闲精梳棉袜,['服装 男士内衣 袜子']
0,499,【桃华优选】袜子男袜防臭船袜短袜夏季薄款男隐形袜吸汗男士春秋,['服装 男士内衣 袜子']
0,500,6双装男士袜子抗菌吸汗防臭男士棉袜,['服装 男士内衣 袜子']
0,501,CARTELO/卡帝乐鳄鱼卡帝乐鳄鱼原装高弹减震舒适鞋垫,['服装 男鞋 男士其它']
0,502,保暖鞋垫男女吸汗防臭透气加绒毛绒冬季超软底舒适棉鞋垫防寒,['服装 女鞋 女士其它']
0,503,乳胶踩屎感运动鞋垫减震男女吸汗防臭椰子久站超软boost防脚痛冬,['服装 女鞋 女士其它']
0,504,4D鞋垫男吸汗防臭扁平足足弓支撑透气运动减震软底舒适军训鞋垫,['服装 男鞋 男士其它']
0,505,运动减震透气鞋垫加厚柔软舒适高弹篮球跑步军训男士,['运动健康 运动鞋包 篮球鞋']
0,506,男鞋休闲皮鞋2021新款秋季韩版潮流百搭男士商务正装工作网红潮鞋,['服装 男鞋 男鞋']
0,507,21250【鑫骏驰】夏季新款透气凉爽网面休闲男鞋不系带低帮板鞋,['服装 男鞋 男鞋']
0,508,皮鞋男商务正装真皮软底男鞋夏季透气英伦潮流厚底增高男士休闲鞋,['服装 男鞋 男鞋']
0,509,【国际奢品】欧洲站新款时尚潮流百搭休闲男鞋潮鞋户外-2,['运动健康 户外鞋 户外休闲鞋']
0,510,绅士豆豆鞋2020年新款男鞋懒人鞋一脚蹬真皮男士英伦时尚印花皮鞋,['服装 男鞋 男鞋']
0,511,POLO SPORT 男士翻领潮牌polo衫 B60TS24,['服装 男装 男士POLO衫']
0,512,项狼系列  标准版 200-210g丝光珠地棉 男士刺绣POLO衫,['服装 男装 男士POLO衫']
0,513,黑色翻领休闲短袖polo衫hai,['服装 女装 女士POLO衫']
0,514,【专柜正品 初秋上新】轻奢男士时尚POLO衫 全国包邮,['服装 男装 男士POLO衫']
0,515,纯色翻领商务休闲POLO衫男夏季短袖A131,['服装 男装 男士POLO衫']
0,516,夏季男士字母印花网纱镂空短袖T恤,['服装 男装 男士T恤衫']
0,517,高品欧货728男士时尚休闲翻领短袖（宏）,['服装 男装 男士T恤衫']
0,518,2021春夏百搭潮男ins短袖T恤【三日内可发】,['服装 男装 男士T恤衫']
0,519,秋季个性棉麻修身七分袖T恤男不规则上衣发型师拼接短袖小衫潮流,['服装 男装 男士T恤衫']
0,520,【聚震中国风】2111中国风男士亚麻面料夏季短袖,['服装 男装 男士T恤衫']
0,521,衬衫男长袖韩版潮流修身衬衣秋季网红潮牌痞帅个性刺绣百搭发型师,['服装 男装 男士衬衫']
0,522,町苧2021新款男士时尚修身衬衫,['服装 男装 男士衬衫']
0,523,【林氏精品男装】七分袖衬衫男士2020夏季新款日系潮流帅气棉麻,['服装 男装 男士衬衫']
0,524,如岁月可回头白志勇靳东同款痞帅衬衫男拼接条纹波点潮男港风衬衣,['服装 男装 男士衬衫']
0,525,纯棉短袖 男士衬衫8121,['服装 男装 男士衬衫']
0,526,罗蒙休闲裤男夏季新款男士商务休闲西裤男大码正装男裤直筒西装裤,['服装 男装 男士西裤']
0,527,胖兄大码西装男套装商务正装加肥加大潮胖子休闲职业三件套西服,['服装 男装 男士大码装']
0,528,潮流高街冷淡风裤子男秋冬季加绒保暖大码休闲裤美式潮牌工装卫裤,['服装 男装 男士加绒裤']
0,529,300斤胖子230大码男装200休闲280运动裤男240保暖,['服装 男装 男士运动裤']
0,530,刘老板同款黑色大码套装男款020,['服装 男装 男士其它']
0,531,纯棉大码t恤男爆款2022新款短袖宽松印花情侣装体恤衫T345,['服装 男装 男士T恤衫']
0,532,毛呢大衣男秋季韩版宽松原宿bf风潮流学生风衣ins超火的外套,['服装 男装 男士大衣']
0,533,【粉丝福利】中长款毛呢大衣男冬季加厚呢子韩版潮流冷淡风高级感,['服装 男装 男士大衣']
0,534,毛呢大衣男士中长款秋冬百搭英伦风宽松韩版潮流落肩风衣呢子外套,['服装 男装 男士大衣']
0,535,外套男士毛呢大衣加绒加厚韩版修身短款青年仿绒呢子夹克秋冬,['服装 男装 男士大衣']
0,536,毛呢大衣男秋冬季加厚中长款英伦风呢子风衣宽松韩版纯色潮流外套,['服装 男装 男士大衣']
0,537,新款拼接腰果花排扣五分裤男ins日系潮牌流运动休闲工装短裤夏,['服装 男装 男士运动裤']
0,538,【倾慕高端】时尚潮流文艺男美式潮牌短裤男夏季in高街中裤宽松休,['服装 男装 男士短裤']
0,539,网红五分短裤男夏季薄款潮流宽松外穿男士5分裤潮牌ins速干沙滩裤,['服装 男装 男士短裤']
0,540,【宋】中式短裤男夏季2022夏新款不规则百搭气质短裤,['服装 男装 男士短裤']
0,541,ROBINHOOD休闲短裤6127030,['服装 女装 女士短裤']
0,542,【赠外衣】男款商务休闲拉链外套风衣可拆卸内胆,['服装 男装 男士风衣']
0,543,男女同款日系连帽工装休闲风衣,['服装 女装 女士风衣']
0,544,【型男风尚】秋冬男士时尚商务中长风衣 ,['服装 男装 男士风衣']
0,545,千纸鹤男装立领风衣2021春秋新品男士韩版休闲中长款外套男38016,['服装 男装 男士风衣']
0,546,D家剪标男士休闲风衣中长款连帽外套JK0099,['服装 男装 男士风衣']
0,547,春夏秋冬季执勤西裤子男女工作服裤保安物业工装制服单裤,['服装 女装 女士西装裤']
0,548,春秋，汽修/ 电焊工作服套装，防烫耐磨，工作服劳保服单件工作服,['服装 男装 男士工装']
0,549,迷彩服男套装春秋款户外学生军训服耐磨耐脏汽修工地工作服劳保服,['运动健康 户外服 军迷服']
0,550,6666 重工机能工装裤,['服装 女装 女士休闲裤']
0,551,CX5093工装裤男潮牌休闲长裤男直筒宽松束脚裤文乐秋冬季裤子韩版,['服装 男装 男士休闲裤']
0,552,清仓，男士棕色休闲夹克0068,['服装 男装 男士夹克']
0,553,【文子服饰男装穿搭】春季休闲时尚百搭针织夹克上衣,['服装 男装 针织衫']
0,554,外套男士春秋季2021新款男装潮流休闲百搭帅气春装上衣服夹克,['服装 男装 男士夹克']
0,555,罗蒙商务休闲百搭2021新款男装夹克 2111,['服装 男装 男士夹克']
0,556,2022春季新款男士潮夹克,['服装 男装 男士夹克']
0,557,雅戈尔休闲裤秋冬厚款男士高腰加绒裤免烫灯芯绒裤宽松直筒长裤男,['服装 男装 男士加绒裤']
0,558,加绒裤子男冬季加厚保暖休闲裤男款宽松束脚长裤,['服装 男装 男士加绒裤']
0,559,富贵鸟中老年羽绒裤男高腰保暖内外穿老人羽绒棉裤加厚大码爸爸裤,['服装 男装 男士羽绒裤']
0,560,加绒裤男秋冬男式休闲裤弹力裤修身直筒长裤青年韩版时尚潮流裤子,['服装 男装 男士加绒裤']
0,561,加绒加厚休闲长裤男士秋冬季款直筒宽松摇粒绒男裤加绒裤子男,['服装 男装 男士加绒裤']
0,562,新潮马甲两面穿时尚穿搭男装马甲双面可穿戴品质男装,['服装 男装 男士马甲']
0,563,2021新款秋冬季棉衣马甲背心外穿无袖坎肩外套加厚韩版棉服宽松男,['服装 男装 男士马甲']
0,564,2021【甄选男士马甲】秋冬新款马甲299,['服装 男装 男士马甲']
0,565,【雷哥】Romon/罗蒙2020秋冬男士亮面羽绒马甲LM-2101,['服装 男装 男士马甲']
0,566,9.28陈先生秋款斜纹棉男士马甲,['服装 男装 男士马甲']
0,567,228G-男款黑色护腰护臀护膝驼绒 棉裤（防风护腰护膝）,['服装 男装 男士棉裤']
0,568,2021年冬季男士棉裤保暖防风专用韩版拼接外穿光面青年个性束脚裤,['服装 男装 男士棉裤']
0,569,棉裤子男韩版百搭男装男裤秋季新款商务休闲裤男士修身小脚裤潮,['服装 男装 男士棉裤']
0,570,2021裤子男冬季潮牌百搭港风休闲长裤宽松束脚保暖加厚棉裤,['服装 男装 男士棉裤']
0,571,特厚羊羔绒外穿21冬季高档保暖裤男士加厚加绒棉裤羊绒裤防寒毛裤,['服装 男装 男士棉裤']
0,572,【雅鹿】冬装加厚保暖棉衣中青年冬季棉服外套加厚保暖男休闲棉服,['服装 男装 男士棉衣']
0,573,【退货包运费】羊羔绒棉衣男冬季2021新款潮牌羽绒棉服宽松港风,['服装 男装 男士棉衣']
0,574,【品质男装】冬季棉衣男2021新款运动休闲男士加厚保暖连帽外套潮,['运动健康 运动服 棉服']
0,575,男士长款棉衣,['服装 男装 男士棉衣']
0,576,‼️‼️‼️‼️2021冬季男士休闲棉衣可卸内胆大码保暖商务棉,['服装 男装 男士棉衣']
0,577,男士时尚潮流新款牛仔衣蜜蜂图案,['服装 男装 男士牛仔服']
0,578,小云朵新款牛仔外套男士春秋韩版潮流秋冬夹克,['服装 男装 男士牛仔服']
0,579,牛仔方领四合扣男装秋冬,['服装 男装 男士牛仔服']
0,580,JJ剪标新款破洞纯棉工装拼接短款休闲百搭牛仔夹克外套男,['服装 男装 男士牛仔服']
0,581,BANEBERRY 商场同款时尚男式牛仔外套  111135001,['服装 男装 男士牛仔服']
0,582,2021秋季新款黑色牛仔裤男韩版潮流修身小脚百搭青少,['服装 男装 男士牛仔裤']
0,583,西装短裤男夏季薄款男士短款休闲裤2021年新款潮牌光面五分裤,['服装 男装 男士短裤']
0,584,牛仔裤男春季宽松直筒破洞九分裤子2022新款春秋潮流痞帅男士长裤,['服装 男装 男士牛仔裤']
0,585,CGIUI#高端轻奢#高端秋冬季男装蓝灰色牛仔裤2136,['服装 男装 男士牛仔裤']
0,586,2190  时尚潮流商务男装 冬季加绒牛仔裤,['服装 男装 男士牛仔裤']
0,587,进口貂皮大衣男款带帽水貂裘皮男装拉链特价真貂整水貂外套,['服装 男装 男士皮草']
0,588,2021秋冬新款海宁男士外套水貂内胆皮衣皮草派克服5202,['服装 男装 男士皮草']
0,589,真皮羊皮水貂胆皮貂男皮草 20102,['服装 男装 男士皮草']
0,590,奢华天鹅绒十字貂内胆男派克服中长款冬中年商务貂皮整貂皮草大衣,['服装 男装 男士皮草']
0,591,【厂家直销】2021冬季新款貂皮大衣男款男士皮草水貂皮草外套,['服装 男装 男士皮草']
0,592,秋冬拉链男士皮裤修身小脚休闲加绒加厚机车裤韩版紧身pu裤男潮,['服装 男装 男士皮裤']
0,593,加厚绒男皮裤加绒加厚防油防水工作裤高腰宽松保暖劳保裤不掉皮裤,['服装 男装 男士皮裤']
0,594,11.30男士潮流拼接休闲皮裤,['服装 男装 男士皮裤']
0,595,皮裤男摩托车潮流韩版直筒裤骷髅刺绣秋冬新款防风机车裤男士裤子,['服装 男装 男士皮裤']
0,596,时尚男士皮裤,['服装 男装 男士皮裤']
0,597,JackJones杰克琼斯男冬季绵羊皮革立领商务休闲皮衣外套219410502,['服装 男装 男士皮衣']
0,598,2022男士真皮皮衣短款油蜡山羊皮夹克外套,['服装 男装 男士皮衣']
0,599,21新款嘉福伦 加绒皮衣男士夹克外套2021冬季青年潮流时尚休闲百,['服装 男装 男士皮衣']
0,600,男士皮衣秋冬2021新款外套春秋款韩版潮流帅气加绒加厚机车服夹克,['服装 男装 男士皮衣']
0,601,皮衣男新款春秋冬帅气韩版修身加绒立领PU机车夹克外套潮,['服装 男装 男士皮衣']
0,602,珂漫服饰2021秋季爆款休闲套装男帅气休闲两件套,['服装 男装 男士其它']
0,603,Moncler蒙口拼接针织外套 96新/s码,['服装 女装 女士外套']
0,604,秋季中山装西服套装男士西装唐装两件套刺绣中国风外套,['服装 男装 男士唐装']
0,605,【桃华优选】忘北故原创汉服【事事如意】明制圆领袍 刺绣男女情,['服装 女装 女士礼服旗袍']
0,606,GUCCI/古驰 印花 短裤/44码/95新/XG-Y2943,['服装 女装 女士短裤']
0,607,【粉丝福利】中国风唐装男棉麻茶人服文艺范禅意春秋七分袖相声服,['服装 男装 男士唐装']
0,608,【四合院】188904中国风亚麻唐装男外套复古春季汉服男士中山装,['服装 男装 男士唐装']
0,609,中国潮胖胖哥短袖衬衫民族风大码唐装男加肥加大亚麻衬衣青中老年,['服装 男装 男士唐装']
0,610,【源创中国风】春季男士盘扣衬衫 唐装汉服长袖 暗斜纹衬衣修身,['服装 男装 男士唐装']
0,611,2022春秋季男长袖唐装上衣夏季中国风中年爸爸装民族服装亏本销售,['服装 男装 男士唐装']
0,612,BALUNXI/巴伦希 男士冬季外套YT20-196（送赠品）,['服装 男装 男士外套']
0,613,男士老人头外套9216,['服装 男装 男士外套']
0,614,W2261 男装 外套 G010,['服装 男装 男士外套']
0,615,拓延男装防晒外套6601,['运动健康 户外装备 户外防晒']
0,616,安踏服男短款官网旗舰2021冬季新款立领保暖轻薄无帽外套,['服装 男装 男士外套']
0,617,2021秋季新品简单款菠萝纹卫裤8632,['服装 女装 女士休闲裤']
0,618,冬季运动裤男加绒加厚宽松棉裤外穿爸爸中老年人卫裤羊羔绒裤子男,['运动健康 运动服 卫裤']
0,619,CARTELO/卡帝乐鳄鱼加绒加厚时尚男款卫裤-8LK1939,['服装 男装 男士卫裤']
0,620,卫裤秋冬季男士加绒休闲裤子运动裤弹力束脚裤潮男装男裤,['服装 男装 男士卫裤']
0,621,【尚冠潮品】高端时尚后面烫印个性卫裤0007,['服装 女装 女士休闲裤']
0,622,秋冬季2021新款无帽卫衣男韩版潮流圆领内搭打底衫长袖T恤上衣服,['服装 男装 男士卫衣']
0,623,卫衣男士春秋季韩版圆领宽松休闲学生打底衫长袖百搭上衣,['服装 男装 男士卫衣']
0,624,港风开衫加绒卫衣男大码宽松休闲街头上衣潮冬季立领条纹外套,['服装 男装 男士卫衣']
0,625,生肖牛刺绣圆领卫衣男士秋冬加绒保暖休闲长袖上衣套头潮牌中国风,['服装 男装 男士卫衣']
0,626,迷彩卫衣2021秋冬潮流新款长袖加绒加厚透气男士连帽美式迷彩卫衣,['服装 男装 男士卫衣']
0,627,裤子男潮牌薄款纯色休闲裤宽松百搭工装裤九分束脚裤,['服装 男装 男士休闲裤']
0,628,富绅男装卡其色休闲裤秋季新款微弹男士裤子青年长裤直筒裤子,['服装 男装 男士休闲裤']
0,629,雪尼尔裤子男冬季加厚韩版宽松灯芯绒直筒长裤潮流潮牌加绒休闲裤,['服装 男装 男士加绒裤']
0,630,纯棉工装裤男宽松耐磨工作休闲束脚多口袋汽修电焊防烫劳保长裤男,['服装 男装 男士工装']
0,631,富贵鸟工装裤子男宽松直筒修身男士牛仔裤春秋款阔腿休闲长裤男,['服装 男装 男士牛仔裤']
0,632,中国移动新款工作装男士藏蓝色西服外套营业厅工装制服套装春秋款,['服装 男装 男士工装']
0,633,罗蒙西装上衣新款商务男士中青年春秋夏款休闲修身爸爸小西服外套,['服装 男装 男士西服']
0,634,秋季西装男新款韩版格子商务休闲小西装时尚潮流中青年帅气单西,['服装 男装 男士西服']
0,635,皮尔卡丹男士西装外套韩版修身单西男装秋季2022新款休闲名牌西服,['服装 男装 男士西服']
0,636,【59】品牌折扣男装专柜撤柜尾货清仓西装休闲修身长袖西服,['服装 男装 男士西服']
0,637,秋冬男装休闲西服套装男士韩版修身英伦风小西装正装两件套时尚潮,['服装 男装 男士西服套装']
0,638,2020年春季新款韩版修身个性肩膀条纹男士西服两件套装帅气西装潮,['服装 男装 男士西服套装']
0,639,西服套装男士韩版修身西装三件套男套装小西装新郎礼服职业装正装,['服装 男装 男士西服套装']
0,640,新款修身男士西服及套装商务正装职业西装青年礼服伴郎服厂家直销,['服装 男装 男士西服套装']
0,641,【好物推荐】商务西服套装男士修身休闲职业正装上班工作西装外,['服装 男装 男士西服套装']
0,642,新款银行工作服西裤男士职业装银行灰色条纹工作裤男,['服装 男装 男士工装']
0,643,四季九分休闲西装裤潮男士修身型韩版弹力发型师紧身瘦腿小脚裤子,['服装 男装 男士西裤']
0,644,小西裤九分裤冰丝裤男款裤子男修身直筒裤休闲裤男士裤子夏季薄款,['服装 男装 男士西裤']
0,645,秋季条纹休闲西裤男韩版修身长裤直筒裤男士商务职业西装裤子,['服装 男装 男士西裤']
0,646,富贵鸟轻熟风小西裤男垂感九分裤商务休闲韩版潮流休闲直筒宽松西,['服装 男装 男士西裤']
0,647,男装 棋盘格拼接五分裤子2022夏新款宽松潮牌运动休闲短裤男J2102,['服装 男装 男士运动裤']
0,648,【IDIT】潮流搭配夏季新款男装休闲长裤透气轻薄微弹宽松运动长裤,['服装 男装 男士运动裤']
0,649,【潮流穿搭】夏天裤子男休闲短裤薄款宽松男士运动裤韩版潮流夏季,['服装 男装 男士运动裤']
0,650,港风ins棋盘格子休闲裤男冬季加绒加厚韩版潮流宽松阔腿运动裤子,['服装 男装 男士运动裤']
0,651,2022春季新款裤子男春秋季青年裤子运动宽松束脚休闲裤显高显瘦,['服装 男装 男士运动裤']
0,652,新款冬季羽绒服男中长款连帽潮牌美式亮面百搭男装白鸭绒外套,['服装 男装 男士羽绒服']
0,653,F761男装磨砂亚光90绒压胶分仓冬加厚短款立领羽绒服,['服装 男装 男士羽绒服']
0,654,joma荷马男士长款羽绒服冬季新款保暖加厚长款休闲外套3106FL4716,['运动健康 运动服 羽绒服']
0,655,男款鹅绒内胆,['服装 男装 男士加绒裤']
0,656,贵人鸟男子休闲保暖羽绒服2015D41,['服装 男装 男士羽绒服']
0,657,【优选好货】白鸭绒羽绒裤男士冬季外穿加绒加厚时尚轻薄保暖男裤,['服装 男装 男士羽绒裤']
0,658,羽绒裤男女内穿中青老年高腰修身内胆裤加厚大码冬季保暖加厚裤子,['服装 女装 女士羽绒裤']
0,659,Polovillae/保罗威特羽绒裤男迷彩休闲百搭修身长裤加厚保暖裤子,['服装 男装 男士羽绒裤']
0,660,羽绒裤男2021新款直筒加厚保暖时尚休闲束脚外穿潮流男士,['服装 男装 男士羽绒裤']
0,661,富贵鸟冬季羽绒裤男外穿加厚白鸭绒户外保暖运动中老年人大码棉裤,['服装 男装 男士羽绒裤']
0,662,冬季加绒加厚保暖长款棉大衣男高档加长爸爸棉服中老年加长款棉衣,['服装 男装 男士中老年装']
0,663,春秋款中老年男装外套褂子上衣夹克衫男中老年人衣服40-60岁穿,['服装 男装 男士中老年装']
0,664,爸爸夏装套装时尚中老年短袖T恤父亲节衣服夏季中年男士休闲短裤,['母婴 童装童鞋 亲子装']
0,665,爸爸春秋装上衣长袖t恤休闲男装中年爷爷中老年人polo衫毛衣,['服装 男装 男士中老年装']
0,666,2022爸爸装长袖t恤上衣中年男士春装薄款中青年男装宽松四季上衣,['服装 男装 男士T恤衫']
0,667,2020新款高端秋冬季男士商务休闲羊毛衬衫长袖衬衫,['服装 男装 男士衬衫']
0,668,恒源祥纯羊毛羊毛衫男士秋冬长袖毛衣圆领烫钻针织打底衫23YQ2010,['服装 男装 羊毛衫']
0,669,2021网红同款【纯羊毛】纯色百搭羊毛针织打底衫圆领男士20-7001,['服装 男装 羊毛衫']
0,670,圆领毛衣男士秋冬季保暖加厚百搭打底针织衫潮流个性羊毛绒衫,['服装 男装 羊绒衫']
0,671,鄂尔多斯市100%纯羊毛男毛衣圆领套头提花针织衫男士厚款羊毛衫冬,['服装 男装 羊毛衫']
0,672,男款加厚纯山羊绒衫453克,['服装 男装 羊绒衫']
0,673,鄂尔多斯市产纯山羊绒衫男士精纺圆领背心高品质羊绒RY-21621005,['服装 男装 羊绒衫']
0,674,《兆君羊绒》100纯山羊绒  V领长袖羊绒衫 88509-4,['服装 女装 女士羊绒衫']
0,675,加厚羊绒衫男纯羊绒圆领休闲毛衣山羊绒针织衫冬季保暖打底衫,['服装 男装 羊绒衫']
0,676,纯山羊绒男士羊绒衫工厂直销1869#,['服装 男装 羊绒衫']
0,677,男士春秋纯颜色修身翻领针织打底衫休闲百搭长袖韩版复古毛衣线衫,['服装 男装 针织衫']
0,678,秋冬新款男打底衫纯色休闲针织毛衣 青春时尚,['服装 男装 针织衫']
0,679,毛衣男士半高领秋冬季加厚款仿貂绒针织毛衫男打底线衣服潮流中领,['服装 男装 针织衫']
0,680,【文莱】冬季半高领毛衣男士韩版潮流修身加厚针织衫青年毛线衣,['服装 男装 针织衫']
0,681,2022年春季新款V领打底针织衫春秋长袖休闲潮流毛线衣秋冬毛衣男,['服装 男装 针织衫']
0,682,马克华菲女士暖绒保暖内衣双面磨毛套装,['服装 女士内衣 保暖内衣']
0,683,巨厚保暖内衣套装加绒加厚大码高领打底衫秋衣秋裤男女冬季,['服装 女士内衣 保暖内衣']
0,684,加厚牛奶丝复合奥利绒透气情侣款保暖服套装2W12B0&4W11A4,['服装 女士内衣 保暖内衣']
0,685,顶瓜瓜女式保暖内衣加绒加厚无痕秋衣德绒自发热打底上衣带胸垫,['服装 女士内衣 保暖内衣']
0,686,巨厚保暖内衣套装加绒加厚大码高领打底衫秋衣秋裤男女冬季,['服装 女士内衣 保暖内衣']
0,687,女士井字格高领（半高领）打底衫DJ2089,['服装 女装 女士雪纺衫']
0,688,【西辰精选】美背小吊带chic背心女装夏季薄款外穿2021新款甜酷,['服装 女士内衣 背心/吊带/打底衫']
0,689,623#堆堆领打底衫女~宠粉福利《火》,['服装 女装 女士雪纺衫']
0,690,【青玥严选】修身半高领打底衫女秋冬棉内搭长袖紧身春秋上衣百搭,['服装 女士内衣 背心/吊带/打底衫']
0,691,网红ins超火夏季新款设计感小众BF情侣装洋气无袖上衣背心女潮,['服装 女士内衣 背心/吊带/打底衫']
0,692,【2条装】蕾丝安全裤女防走光清凉三分打底裤保险防,['服装 女士内衣 打底裤']
0,693,夏诗文 保暖神器 加绒黑色连裤袜女冬显瘦打底裤子,['服装 女装 女士打底裤']
0,694,【保暖修身】大码加绒加厚打底裤女秋冬加肥加大连裤袜光腿神器,['服装 女装 女士打底裤']
0,695,安全裤女夏季冰丝双层遮挡三角区无痕防走光不卷边打底裤三分裤,['服装 女士内衣 打底裤']
0,696,2条装安全裤防走光女夏不卷边胖mm大码三分蕾丝打底裤保险短裤,['服装 女士内衣 打底裤']
0,697,bvlvgg睡衣女冬季珊瑚绒三层加厚加绒保暖春秋冬天爱心夹棉复合绒,['服装 女士内衣 家居服/睡衣']
0,698,情侣睡衣春秋季女士长袖纯棉男士秋冬2021年新款家居服全棉,['服装 女士内衣 家居服/睡衣']
0,699,【2.22】上新2021睡衣女夏季冰丝绸薄款蕾丝花边吊带背心仿真丝,['服装 女士内衣 家居服/睡衣']
0,700,性感睡衣女夏季薄款冰丝露背吊带睡裙蕾丝真丝心机诱惑床上免脱骚,['服装 女士内衣 家居服/睡衣']
0,701,女士可爱甜美家居服睡衣043wj,['服装 女士内衣 家居服/睡衣']
0,702,新款胸挡遮胸神器护胸防走光内搭一片式抹胸布黑白蕾丝花边打底女,['服装 女士内衣 抹胸']
0,703,【现货包邮】无肩带内衣女抹胸防走光隐形防滑薄款夏季小胸聚拢无,['服装 女士内衣 抹胸']
0,704,少女抹胸1.7,['服装 女士内衣 抹胸']
0,705,抹胸防走光裹胸女夏内搭一片式无肩带冰丝内衣薄款白色无痕夏季黑,['服装 女士内衣 抹胸']
0,706,【洛丽塔】曼品质无痕内衣女舒适性感薄款抹胸裹胸MQ81165,['服装 女士内衣 抹胸']
0,707,【Kissy氧心】【1盒3条装】聚乳酸胶囊内裤8837,['服装 女士内衣 内裤']
0,708,【阴阳师联名内裤】6IXTY8IGHT官方时尚内裤3条礼盒装女PT11221,['服装 女士内衣 内裤']
0,709,【超薄柔软无痕提花呼吸内裤】【仙美蕾丝温柔贴肤三角内裤】6540,['服装 女士内衣 内裤']
0,710,【083】4条 女士内裤女纯棉高腰收腹提臀大码胖mm透气三角裤,['服装 女士内衣 内裤']
0,711,MiiOW/猫人无痕裸氨内裤中腰透气三角裤女士内裤,['服装 女士内衣 内裤']
0,712,彩虹糖糖吖硅胶胸贴女防走光帖聚拢上托提拉胸贴隐形大号2对包邮,['服装 女士内衣 其它-女士内衣']
0,713,韩前扣无肩带文胸贴小胸聚拢防滑抹胸式薄款隐形内衣女夏季裹胸美,['服装 女士内衣 其它-女士内衣']
0,714,【超聚拢】隐形胸贴聚拢硅胶内衣加厚文胸贴无痕女乳贴婚纱美背,['服装 女士内衣 其它-女士内衣']
0,715,性感蕾丝胸贴硅胶隐形文胸女夏聚拢上托无肩带内衣抹胸婚纱用乳贴,['服装 女士内衣 其它-女士内衣']
0,716,透明强力女生掉落办公室男防裙子走光贴露肩胸部乳贴衣服贴防滑贴,['服装 女士内衣 其它-女士内衣']
0,717,洋丹钢丝袜懒人袜春秋脚底挖洞免脱打底裤女防勾丝大码薄款连裤袜,['服装 女士内衣 丝袜']
0,718,【主播推荐】白色蕾丝洛丽塔小腿袜袜子女中筒袜jk长筒花边丝袜,['服装 女士内衣 丝袜']
0,719,mengna/梦娜【梦馨专属】无痕冰肤丝袜防勾丝,['服装 女士内衣 丝袜']
0,720,beijirong/2022新款北极绒马油袜 高弹力防勾丝 水光一线感,['服装 女士内衣 丝袜']
0,721,浪莎长筒丝袜女高筒袜夏季菠萝超薄款半截黑肉色防勾丝大腿过膝袜,['服装 女士内衣 丝袜']
0,722,【水中花】玫瑰体雕裤塑身美体裤小黑裤短裤内裤悬浮裤提臀收腹裤,['服装 女士内衣 塑身美体']
0,723,5条装高腰收腹裤女士塑身产后塑形性感提臀翘臀三角裤春夏季TY49A,['母婴 孕妇用品 产后塑身']
0,724,浪莎高腰悬浮裤瑜伽夏季薄款无痕芭比收腹提臀裤0088,['服装 女士内衣 塑身美体']
0,725,智能呼啦圈收腹美腰加重成人女减肥瘦腰减肚子神器不会掉的呼啦圈,['运动健康 健身训练 中小型健身器材']
0,726,【浩天专享】品彩高腰3D鱼骨桃心提臀玻尿酸抑菌收腹魔力悬浮裤,['服装 女士内衣 塑身美体']
0,727,『主播推荐』张子枫同款袜子男中长筒潮流女简约学院风小人头运,['服装 女士内衣 袜子']
0,728,船袜女吊带袜隐形夏季薄款浅口高跟鞋前脚掌半掌袜不,['服装 女士内衣 袜子']
0,729,贵人鸟袜子,['服装 女士内衣 袜子']
0,730,兰姐推荐:小清新女袜十双（36到41可穿),['服装 女士内衣 袜子']
0,731,[默默严选]冰丝吊带隐形船袜女超浅口夏季脚掌垫硅,['服装 女士内衣 袜子']
0,732,【光面无痕】好奇蜜斯无肩带内衣抹胸光面无痕无钢圈文胸-乔莉,['服装 女士内衣 文胸']
0,733,【得得专属】880无钢圈内衣小胸聚拢少女美背露肩上托文胸罩,['服装 女士内衣 文胸']
0,734,乳胶文胸,['服装 女士内衣 文胸']
0,735,【宝娜斯】内衣女聚拢加厚小胸胸罩防下垂平胸文胸 YDTJ-195,['服装 女士内衣 文胸']
0,736,无痕内衣女薄款夏季大胸显小超薄2022年新款爆款白色吊带文胸罩,['服装 女士内衣 文胸']
0,737,内衣女薄款大胸显小防下垂收副乳纯欲超薄文胸无钢圈胸罩蕾丝套装,['服装 女士内衣 文胸套装']
0,738,秋冬丝绒文胸套装小胸厚聚拢内衣女调整型收副乳无钢圈防下垂胸罩,['服装 女士内衣 文胸套装']
0,739,南极人内衣女无钢圈小胸聚拢调整型收副乳上托胸罩无痕文胸套装PL,['服装 女士内衣 文胸套装']
0,740,一片式无痕无钢圈内衣女聚拢小胸显大调整型高中学生少女文胸套装,['服装 女士内衣 文胸套装']
0,741,薄款交叉细带透明大胸显小蕾丝文胸套,['服装 女士内衣 文胸套装']
0,742,【隆邦推荐】鞋垫用品男女足弓支撑垫防臭吸汗透气4d军训专用久,['服装 女鞋 女士其它']
0,743,【粉丝福利】1109香薰除臭鞋垫草药防臭鞋垫四季男士女式通用,['服装 女鞋 女士其它']
0,744,【井凡】冬季保暖鞋垫加绒加厚毛绒长毛男女软羊毛底雪地靴一体棉,['服装 女鞋 女士其它']
0,745,后跟帖半码垫加厚后跟贴男女防滑防掉跟防磨脚鞋跟贴高跟鞋垫神器,['服装 女鞋 女士其它']
0,746,除臭鞋垫男女透气吸汗防臭留香软底舒适超软皮鞋鞋垫子学生运动,['服装 女鞋 女士其它']
0,747,200斤胖mm加大码高筒靴卡其色41-43大码靴子「酷飒好搭配骑士靴」,['服装 女鞋 女鞋']
0,748,叶先生女鞋//拼手速捡漏款-YE22,['服装 女鞋 女鞋']
0,749,【官方直播间专属】阿比让夏款两穿帆布溶解鞋女鞋,['运动健康 运动鞋包 帆布鞋']
0,750,女鞋2021春季新款厚底气垫鞋广场舞妈妈鞋舒适摇摇鞋韩版休闲女鞋,['服装 女鞋 女士其它']
0,751,【斐莉诗时尚女鞋推荐】2021款轻熟仙女风5公分跟高跟鞋,['服装 女鞋 女鞋']
0,752,it :CHOCOOLATE女装长POLO衫夏季潮流休闲粗条纹1520AEE,['服装 女装 女士POLO衫']
0,753,2022夏季新款男女同款POLO衫短袖 P06,['服装 女装 女士POLO衫']
0,754,巧儿姐美物T家米家Polo衫领边拼色,['服装 女装 女士POLO衫']
0,755,夏季新款文艺小清新简约宽松拼色印花Polo衫翻领短袖上衣女含棉,['服装 女装 女士POLO衫']
0,756,美式hiphop古着polo衫卫衣女2022春秋宽松潮ins慵懒风bf学生外套,['服装 女装 女士卫衣帽衫']
0,757,2021印花短袖T恤女新款夏季设计感学生韩版宽松百搭半袖上衣,['服装 女装 女士T恤衫']
0,758,黑色V领春秋上衣女士修身收腰长袖金丝绒欧货时尚洋气欧洲站T恤女,['服装 女装 女士T恤衫']
0,759,季宽松短袖上衣纯棉白色字母花卉图案印花女t恤,['服装 女装 女士T恤衫']
0,760,朵拉潮人馆 洋气Ｖ领长袖t恤女早春修身短款软糯内搭打底衫,['服装 女装 女士T恤衫']
0,761,推荐！ins字母撞色印花短袖T恤女160斤内,['服装 女装 女士T恤衫']
0,762,洋气设计感交叉v领长袖T恤女2021初秋新款褶皱收腰显瘦纯色上衣潮,['服装 女装 女士T恤衫']
0,763,毛呢裙裤黑白格子加厚半身裙,['服装 女装 女士半身裙']
0,764,【有运费险】【高弹力包裙】包臀短裙高腰显瘦半身裙女夏季黑色,['服装 女装 女士半身裙']
0,765,杭州品质女装木耳边精致百搭半身裙0161,['服装 女装 女士半身裙']
0,766,【戴拉严选】个性双排扣开叉修身半身裙女20665,['服装 女装 女士半身裙']
0,767,【张张宠粉】禁忌女孩 | 纽扣半身裙 84,['服装 女装 女士半身裙']
0,768,春装新款衬衣女装木耳领上衣绣花白色职业立领长袖女衬衫,['服装 女装 女士衬衫']
0,769,黑色雪纺七分袖衬衫女2022夏季新款套头衬衣韩版宽松打底上衣,['服装 女装 女士雪纺衫']
0,770,潮牌单口袋长袖衬衫女2021春秋新款宽松休闲文艺后背纽扣白色衬衣,['服装 女装 女士衬衫']
0,771,HY9907【春夏新款】时尚V领白色百搭气质衬衫035#,['服装 女装 女士衬衫']
0,772,QImo启茉（世纪85020#侧扣条纹衬衫）,['服装 女装 女士衬衫']
0,773,【秋款薄款螺纹打底裤】秋裤显瘦大码外穿加厚高腰保暖棉裤,['服装 女装 女士打底裤']
0,774,300斤特大码加绒加厚打底裤女胖mm加肥加大棉裤胖人冬装保暖裤子,['服装 女装 女士大码装']
0,775,收腹裤女塑形束腰提臀安全裤防走光大码高腰五分紧身打底短裤外穿,['服装 女士内衣 打底裤']
0,776,冬季加绒加厚打底裤女外穿新款大码高腰紧身裤冬季保暖小脚裤女,['服装 女装 女士打底裤']
0,777,运动八分裤小个子弹力紧身小脚裤纯棉显瘦夏薄款七分打底裤女外穿,['服装 女装 女士打底裤']
0,778,大码女装胖mm法式肌理感蝴蝶结绑带衬衫设计感显瘦上衣女,['服装 女装 女士衬衫']
0,779,洋气大码女装胖妹妹气质遮肚减龄百褶裙高腰显瘦A字裙防走光短裙,['服装 女装 女士半身裙']
0,780,夏女装时尚夏年新款大码女装胖茶歇白色连衣裙子春法式初恋泡泡袖,['服装 女装 女士连衣裙']
0,781,6-19日新品-90-200斤大码女装-时尚显瘦百搭牛仔短裤【青青家】,['服装 女装 女士牛仔裤']
0,782,ALIN定制大码女装2020新款碎花连衣裙200斤胖妹妹显瘦减龄裙子夏,['服装 女装 女士连衣裙']
0,783,唐庚Y8200 毛呢外套女中长款韩版新款高端优雅时尚呢子大衣外套,['服装 女装 女士大衣']
0,784,反季2021秋冬新款韩版宽松毛呢外套女中长款红色流行赫本风呢大衣,['服装 女装 女士大衣']
0,785,JAN AN NO简爱诺秋冬款气质长款翻领双面呢羊毛大衣女J810266DY,['服装 女装 女士大衣']
0,786,风衣女中长款小个子2021秋冬季新款韩版时尚气质收腰显瘦大衣外套,['服装 女装 女士风衣']
0,787,SCFASHION诗易茜大衣SVEI418788,['服装 女装 女士大衣']
0,788,Lachapelle 2021夏季新款百搭短裤#,['服装 女装 女士短裤']
0,789,CE家凯旋门老花高腰显瘦外穿阔腿短裤女21年夏季提花休闲运动,['运动健康 运动服 运动裤']
0,790,白色牛仔短裤女2021年夏季五分裤S-4XL(85-155斤）2019#,['服装 女装 女士牛仔裤']
0,791,秋冬毛呢短裤女秋冬季休闲呢子a字阔腿宽松显瘦高腰外穿呢子靴裤,['服装 女装 女士短裤']
0,792,JH258#新款休闲简约百搭女士短裤,['服装 女装 女士短裤']
0,793,风衣外套女中长款秋冬2021新款时尚休闲英伦风双排扣2687,['服装 女装 女士风衣']
0,794,【宇宇精选】新款风衣韩搭外套款春秋风领西装时尚宽松版女百中,['服装 女装 女士西装']
0,795,【女装人瑶瑶】 FY0031 系带风衣女绿色荷叶领短外套S-2XL,['服装 女装 女士风衣']
0,796,LOOA罗拉密码时装女装风衣20024Y,['服装 女装 女士风衣']
0,797,ins欧货女装秋冬新款长款宽松版风衣外套,['服装 女装 女士风衣']
0,798,中式秀禾敬酒服新娘2021新款大码冬季结婚订婚回门晚礼服裙女长款,['服装 女装 女士礼服旗袍']
0,799,一字肩星空主婚纱2021新款新娘拖尾款梦幻仙气婚纱气质雅,['服装 女装 女士婚纱']
0,800,轻主婚纱裙2021新款新娘气质拖尾法式仙梦幻森系星空显出门纱,['服装 女装 女士婚纱']
0,801,【店长推荐】梦幻晚礼服裙女2021新款高端大气婚纱礼服深蓝色,['服装 女装 女士礼服旗袍']
0,802,敬酒服新娘2021新款春款结婚红色蕾丝中长款鱼尾回门订婚小礼服女,['服装 女装 女士礼服旗袍']
0,803,米白色雪尼尔阔腿裤女秋冬2021新款宽松高腰休闲加绒裤子直筒长裤,['服装 女装 女士加绒裤']
0,804,杏色阔腿裤女秋冬季加绒裤子2021新款高腰垂感直筒宽松拖地休闲裤,['服装 女装 女士加绒裤']
0,805,8620加厚保暖棉裤,['服装 女装 女士棉裤']
0,806,羽绒裤女外穿冬季时尚新款高腰工装裤加厚加绒裤子保暖棉裤女清仓,['服装 女装 女士羽绒裤']
0,807,k加绒裤子女宽松显瘦雪尼尔阔腿裤女秋冬新款垂感高腰直筒休闲裤,['服装 女装 女士加绒裤']
0,808,吊带连衣裙女2021夏季新款潮法式设计感修身显瘦小众外穿沙滩裙子,['服装 女装 女士连衣裙']
0,809,missonep 时尚 套装连衣裙 通勤,['服装 女装 女士连衣裙']
0,810,棋盘格短袖连衣裙,['服装 女装 女士连衣裙']
0,811,小众原创红色裙子2021秋季新款V领气质修身雪纺中长裙连衣裙女,['服装 女装 女士连衣裙']
0,812,3214801731【适合90-200斤】胖mm百搭拼接连衣裙,['服装 女装 女士连衣裙']
0,813,旗峰天下高端品牌服饰红歌大合唱团演出服女成人指挥朗诵独比赛服,['箱包饰品 饰品 其它-饰品']
0,814,陈卓璇同款设计感泰国法式连衣裙2021年秋季女装修身礼服裙子9629,['服装 女装 女士连衣裙']
0,815,【送运费险】婚礼妈妈礼服重工蕾丝新款喜婆婆喜妈妈婚宴礼服,['服装 女装 女士礼服旗袍']
0,816,2022年新款汉服女立领中国风古风两件套清新改良旗袍套装绣花女装,['服装 女装 女士礼服旗袍']
0,817,XS  8308  绿 旗袍 T,['服装 女装 女士礼服旗袍']
0,818,新款颗粒绒马甲中老年人女妈妈秋冬装奶奶装保暖马夹外套,['服装 女装 女士中老年装']
0,819,2021年网红同款JDL人像羊驼毛美肩马甲,['个护化妆 彩妆 美甲']
0,820,【蜂鸟】女士潮牌马夹22264,['服装 女装 女士马甲']
0,821,【女王优选】春季秀款马夹88150,['服装 女装 女士马甲']
0,822,实拍麂皮绒马甲女冬外穿宽松皮毛一体羊羔毛背心立领马夹外套,['服装 女装 女士马甲']
0,823,新款老奶奶穿的棉袄棉裤老年人女装冬装套装老人棉衣棉裤两件套奶,['服装 女装 女士棉裤']
0,824,棉裤子女学生韩版宽松显瘦百搭潮流夏季新款高腰束脚休闲工装裤,['服装 女装 女士棉裤']
0,825,【有运费险】棉裤女外穿冬季加厚显瘦暖暖裤2021加绒特厚,['服装 女装 女士棉裤']
0,826,冬季 外穿加厚高腰弹力线稿显瘦保暖女棉裤,['服装 女装 女士棉裤']
0,827,[清仓]《布塔优选》秋冬新款女时尚休闲加绒棉裤束脚裤PT0332,['服装 女装 女士棉裤']
0,828,4.9女士棉衣MY1963,['服装 女装 女士棉衣']
0,829,小西服外套女2021年春秋新款韩版职业网红休闲西装加厚棉服女外套,['服装 女装 女士西装']
0,830,外套女2020秋冬新款韩版加绒加厚中长款仿羊羔毛翻领宽松棉服上衣,['服装 女装 女士棉衣']
0,831,【厂家直销】一衣三穿派克服棉服女中长款棉衣刺绣外套2021冬,['服装 女装 女士棉衣']
0,832,灯芯绒棉衣加绒夹棉妈妈装棉服冬保暖连帽中老年女中长款棉袄正品,['服装 女装 女士棉衣']
0,833,【M/L】9880 新款长袖牛仔外套女,['服装 女装 女士牛仔服']
0,834,牛仔马甲女2020春秋新款韩版宽松背心坎肩两件套外穿百搭马夹外套,['服装 女装 女士马甲']
0,835,【小雅甄选】2022年春季女士新品韩版宽松牛仔外套3630,['服装 女装 女士牛仔服']
0,836,新款上市新款潮春秋牛仔外套女韩版宽松褂子牛仔衣女夹克,['服装 女装 女士牛仔服']
0,837,绣花字母牛仔外套女【芒】,['服装 女装 女士牛仔服']
0,838,牛仔裤女直筒宽松秋冬2020新款显瘦显高弹力休闲九分裤,['服装 女装 女士牛仔裤']
0,839,设计感小众破洞毛边水洗牛仔裤女春夏款高腰直筒垂感宽松阔腿长裤,['服装 女装 女士牛仔裤']
0,840,加绒高腰牛仔裤女士春秋显2021年新款秋装紧身小脚铅笔女裤子冬,['服装 女装 女士牛仔裤']
0,841,大码胖mm牛仔短裤女夏季高腰网红A字显瘦宽松学生百搭阔腿5分,['服装 女装 女士牛仔裤']
0,842,牛仔裤女夏季薄款2022年新款喇叭裤高腰显瘦冰丝九分长裤子女,['服装 女装 女士牛仔裤']
0,843,海宁2021秋冬季韩版新款狐狸毛PU皮毛一体中长款仿皮草外套女装,['服装 女装 女士皮草']
0,844,皮草外套女年轻款狐狸毛领真皮拼接绵羊皮皮毛一体派克服大衣2021,['服装 女装 女士皮草']
0,845,秋冬新款韩版宽松仿皮草外套女年轻款显瘦立领毛毛上衣短款,['服装 女装 女士皮草']
0,846,【主播福利】pk18001-1直播间福利皮草女装外套！！！！,['服装 女装 女士皮草']
0,847,W219806泰迪大衣羊毛皮草毛毛冬季外套年轻新款,['服装 女装 女士皮草']
0,848,（推荐）海宁真皮短裤女羊皮2021秋装新款正品显瘦时尚性感百搭,['服装 女装 女士皮裤']
0,849,秋冬2020新款高腰小皮短裤女显瘦百搭a字阔腿裤pu皮裤休闲裤子潮,['服装 女装 女士皮裤']
0,850,2022春季新款海宁真羊皮裤女时尚百搭修身休闲松紧高腰九分阔腿裤,['服装 女装 女士皮裤']
0,851,溶溶zero 女皮短裤外穿高腰显瘦百搭宽松9962-11.24TW,['服装 女装 女士皮裤']
0,852,2021新款韩版气质款PU休闲百搭时尚皮裤短裤女,['服装 女装 女士皮裤']
0,853,【文莱】皮衣女短款春秋装PU皮夹克2020新款韩版百搭大码宽松显瘦,['服装 女装 女士皮衣']
0,854,中老年真皮皮衣外套女中长款韩版修身大码妈妈装皮棉服厚棉袄新款,['服装 女装 女士皮衣']
0,855,【MGM】W1911皮衣外套短款韩版修身立领黑色机车潮皮夹克皮衣女,['服装 女装 女士皮衣']
0,856,中老年秋冬装皮衣外套女妈妈装大码加绒加厚PU皮夹克女士皮大衣,['服装 女装 女士皮衣']
0,857,韩版宽松外套女 加厚机车皮衣2021冬季新款,['服装 女装 女士皮衣']
0,858,【年底清仓】ZEROCIRCLE 外套背心裤子牛仔三件套 W3051E21 D109,['服装 女装 女士其它']
0,859,DD0286-新款女装上衣130斤以内能穿,['服装 女装 女士风衣']
0,860,KCT 01801休闲百搭小清新套装,['服装 女装 女士其它']
0,861,HGY2089港风复古炸街上衣+裤子两件套,['服装 女装 女士其它']
0,862,可拆卸短款西装＋PU吊带 （两件套）,['服装 女装 西服套装']
0,863,歌依妮2020新款秋冬韩版白色小香风加厚短款上衣小个子毛呢外套女,['服装 女装 女士外套']
0,864,ZHY-2201冬季新款女生海军领格子毛呢外套,['服装 女装 女士外套']
0,865,时尚收腰长款派克外套,['服装 女装 女士外套']
0,866,欧香严选09女士外套,['服装 女装 女士外套']
0,867,羊羔毛拼接毛呢外套女2021年新款春秋冬季驼色加厚百搭宽松呢子,['服装 女装 女士外套']
0,868,连帽卫衣女春秋薄款2021年新款韩版宽松慵懒风秋季设计感小众上衣,['服装 女装 女士卫衣帽衫']
0,869,韩版刺绣狐狸圆领卫衣-c121,['服装 女装 女士卫衣帽衫']
0,870,2021时尚休闲加绒显瘦圆领卫衣,['服装 女装 女士卫衣帽衫']
0,871,新款加绒加厚长袖休闲卫衣,['服装 女装 女士卫衣帽衫']
0,872,2667-20352冬季新款刺绣高领卫衣女韩版宽松,['服装 女装 女士卫衣帽衫']
0,873,棉麻哈伦裤女夏季薄款宽松高腰大码白色裤子九分萝卜休闲亚麻女裤,['服装 女装 女士休闲裤']
0,874,休闲阔腿裤裤女2021春夏哈伦裤高腰宽松显瘦休闲九分灯笼裤,['服装 女装 女士休闲裤']
0,875,【可米严选】纯色女裤子秋九分宽松薄款仿棉麻松紧腰阔腿裤复古文,['服装 女装 女士休闲裤']
0,876,美式INS早秋款复古牛仔低腰毛边喇叭裤女弹力修身显瘦牛仔长裤潮 ,['服装 女装 女士牛仔裤']
0,877,【芸晟】夏季新款休闲宽松束脚裤女灯笼裤防蚊裤薄款韩版九分显瘦,['服装 女装 女士休闲裤']
0,878,Y新款女装韩版宽松时尚百搭减龄简约慵懒风西装外套 800800,['服装 女装 女士西装']
0,879,条纹西装外套女春秋2022新款小个子职业装短款休闲宽松小西服套装,['服装 女装 女士西装']
0,880,【精致女神】秋季炸街款时尚西装A93-A125,['服装 女装 女士西装']
0,881,女款潮牌休闲西服c10497,['服装 女装 女士西装']
0,882,韩版小西装外套女七分袖气质雪纺上衣2021春夏新款防晒薄款小,['服装 女装 女士西装']
0,883,职业西装裤女2022小脚烟管裤修身显瘦小脚裤百搭高腰九分休闲裤子,['服装 女装 女士西装裤']
0,884,Amii极简通勤职业九分裤女直筒烟管西装裤12120377,['服装 女装 女士西装裤']
0,885,高腰黑色休闲裤春装韩版2022新款显瘦百搭西装裤垂感阔腿裤西裤女,['服装 女装 女士西装裤']
0,886,高腰西装短裤女2021夏季新款韩版宽松显瘦薄款阔腿裤子9589,['服装 女装 女士西装裤']
0,887,西装裤子女秋冬九分裤新款黑色加绒加厚工作高腰垂感显瘦小直筒裤,['服装 女装 女士西装裤']
0,888,高端衬衫2021春夏新款短袖碎花雪纺上衣打底衫女洋气时尚百搭小衫,['服装 女装 女士雪纺衫']
0,889,白色泡泡袖雪纺衬衫女设计感短款衬衣2021新款夏季法式别致上,['服装 女装 女士雪纺衫']
0,890,V/雅鹿 v领长袖蕾丝打底衫女2022年新款气质上衣加绒雪纺衫,['服装 女装 女士雪纺衫']
0,891,薄款雪纺防晒衫开衫2020夏季新款韩版气质衬衫女长袖超仙防晒上衣,['服装 女装 女士雪纺衫']
0,892,春秋女蕾丝雪纺衫长袖新款洋气小衫透视百搭T恤超仙遮肚子上衣潮,['服装 女装 女士雪纺衫']
0,893,杉杉/Firs女式羊毛衫/25S053025/25H053025/53025,['服装 女装 女士羊毛衫']
0,894,打底外穿一体羊毛衫开叉时尚爆款,['服装 女装 女士羊毛衫']
0,895,NOWSHOW朗香女秋冬季新品三色拼接格型毛衫94039,['服装 女装 女士雪纺衫']
0,896,2022新款羊毛衫    KSM-601,['服装 女装 女士羊毛衫']
0,897,【Tie-in小屋】春季新款彩色排扣小短款羊毛开衫,['服装 女装 女士羊毛衫']
0,898,羊绒衫女贝嫂同款双股加厚宽松毛衣秋冬新款高领针织打底衫,['服装 女装 女士羊绒衫']
0,899,【凯妃米儿】羊绒衫 WVC017295,['服装 女装 女士羊绒衫']
0,900,2021新 重工羊绒衫,['服装 女装 女士羊绒衫']
0,901,Elong snow/鄂绒圣雪V领时尚休闲羊绒女打底衫,['服装 女装 女士羊绒衫']
0,902,半高领秋冬内搭100纯山羊绒衫女修身鄂尔多斯产紧身针织毛衣打底,['服装 女装 女士羊绒衫']
0,903,蒙口/GG/未使用/女士羽绒服BADY,['服装 女装 女士羽绒服']
0,904,【主播推荐】爆款地球羽绒服2021新款白鸭绒羽绒服女韩版宽松短,['服装 女装 女士羽绒服']
0,905,90鸭绒女士长款羽绒服-DSE06B0800,['服装 女装 女士羽绒服']
0,906,明星同款加拿大羽绒服中长款加厚工装服连帽鹅羽绒外套大鹅羽绒服,['服装 女装 女士羽绒服']
0,907,大毛领羽绒服女中长款2021冬装新款韩版收腰显瘦百搭加厚,['服装 女装 女士羽绒服']
0,908,【光衍优品】 棉裤羽绒裤女外穿宽松显瘦打底裤子秋冬季加绒加厚,['服装 女装 女士羽绒裤']
0,909,芭比羽绒裤女外穿时尚高腰收腹提臀冬季显瘦保暖棉裤白鸭绒鲨鱼裤,['服装 女装 女士羽绒裤']
0,910,羽绒打底裤女外穿2021年新款时尚冬季加厚高腰修身显瘦小脚棉裤子,['服装 女装 女士打底裤']
0,911,女棉裤羽绒裤冬外穿2021年新款时尚加厚白鸭绒宽松高腰保暖休闲裤,['服装 女装 女士羽绒裤']
0,912,V/雅鹿中腰羽绒裤女Y8001A01325,['服装 女装 女士羽绒裤']
0,913,重工订珠灯笼袖拼接针织衫女2021秋冬新款气质闪钻毛衣长袖上衣潮,['服装 女装 女士针织衫']
0,914,纯色小香针织秋季新款宽松显瘦百搭洋气长袖开衫外套女,['服装 女装 女士外套']
0,915,2021春新款时尚百搭气质显瘦针织衫女,['服装 女装 女士针织衫']
0,916,158cm小众设计感抽褶绑带宽松针织衫上衣女初秋薄款长袖外搭韩版,['服装 女装 女士针织衫']
0,917,MAXRIENY短袖针织衫小香风毛衫洋气V领开衫上衣,['服装 女装 女士针织衫']
0,918,优雅大气中年妇女大衣妈妈装中老年女装中长款贵夫人保暖外套棉衣,['服装 女装 女士中老年装']
0,919,奶奶装夏装短袖衬衣宽松大码老人衣服中老年人女妈妈装衬衫透气,['服装 女装 女士中老年装']
0,920,老年人夏装女奶奶长袖衬衫60岁70太太春装中老年女装妈妈老人衣服,['服装 女装 女士中老年装']
0,921,新款民族风妈妈装冬加绒短款棉衣服外套中老年女士金丝绒盘扣流行,['服装 女装 女士棉衣']
0,922,妈妈秋装外套中老年春秋上衣女四十50岁中年妇女衬衫新款风衣薄款,['服装 女装 女士中老年装']
0,923,阔腿裤洋气套装女2021秋新款时尚小西装领显瘦职业套装气质女神范,['服装 女装 西服套装']
0,924,职业装高端条纹西装套装女秋冬新款气质干练商务正装售楼部工作服,['服装 女装 西服套装']
0,925,【时尚女系】套装小西装套装女夏2021韩版时尚气质英伦风白,['服装 女装 西服套装']
0,926,黄圣依同款粉色西装套装两件套，建议体重70-130斤,['服装 女装 西服套装']
0,927,小西装短裙套装女2021春秋新款AXY8801,['服装 女装 西服套装']
0,928,LP1.奢宠凝采空气淸垫cc霜,['个护化妆 彩妆 BB/CC霜']
0,929,【专享】透真素颜霜,['个护化妆 彩妆 BB/CC霜']
0,930,FAU星空气垫bb霜套盒,['个护化妆 彩妆 BB/CC霜']
0,931,U.yi/尤一保湿遮瑕防水不脱妆网红光感气垫补水滋润cc霜化妆品,['个护化妆 彩妆 BB/CC霜']
0,932,双管湿痘管保调色遮盖遮瑕液bb霜双印圈斑黑眼双色遮瑕膏控油N,['个护化妆 彩妆 遮瑕']
0,933,HIH烟雨青荷美妆套 十三件套高端礼盒+礼袋情侣情人节送礼必备,['个护化妆 彩妆 彩妆套装']
0,934,【圣诞礼盒】媚族暮色余晖彩妆礼盒眼影雕花口红套装气垫眼线笔 ,['个护化妆 彩妆 彩妆套装']
0,935,【海世传说专属】韩熙贞 柔光持妆气垫粉霜+轻薄唇釉,['个护化妆 彩妆 BB/CC霜']
0,936,【尤莉尤拉】翡翠玉容养妆套盒,['个护化妆 彩妆 彩妆套装']
0,937,Joocyee酵色 唇釉眼盘套装小奶砖礼盒,['个护化妆 彩妆 彩妆套装']
0,938,买一送一软绵绵唇泥不掉色不沾杯哑光雾面丝绒口红唇釉学生党素颜,['个护化妆 彩妆 唇彩唇蜜']
0,939,玛可安迪小粉管水感柔雾哑光唇釉 防水不沾杯学生显白百搭色唇彩,['个护化妆 彩妆 唇彩唇蜜']
0,940,SHEYIME炫丽唇彩,['个护化妆 面部护肤 唇部护理']
0,941,慕斯哑光唇釉  奶油般柔滑 高定9色,['个护化妆 彩妆 唇彩唇蜜']
0,942,RNW唇油睡眠保湿滋润水光蜜变色唇釉rmw水晶玻璃唇rnm女口油冬季,['个护化妆 彩妆 唇彩唇蜜']
0,943,正品不掉色不沾杯一支六色口红不脱色固色雨衣口红滋润显白防水,['个护化妆 彩妆 唇膏/口红']
0,944,贞品妍推荐璀璨臻彩温变润唇膏3.8g变色口红唇部保湿滋润学生,['个护化妆 面部护肤 唇部护理']
0,945,小羊皮细管口红防水不掉色不沾杯丝绒雾面哑光学生唇膏,['个护化妆 彩妆 唇膏/口红']
0,946,溪秀幻彩星空口红,['个护化妆 彩妆 唇膏/口红']
0,947,【院线专供】伴奏恣意炫彩丝绒细管口红（绿色款）,['个护化妆 彩妆 唇膏/口红']
0,948,M.A.C/魅可丝缎柔雾液体唇膏21 5ml（982 Marrakesh-mere）,['个护化妆 面部护肤 唇部护理']
0,949,（爆款）双头自动唇线笔+口红,['个护化妆 彩妆 唇线笔']
0,950,【少奶奶专享】彩棠唇线笔哑雾持妆防水口红丰唇雾唇笔带卷笔刀,['个护化妆 彩妆 唇线笔']
0,951,双头自动唇线笔自动口红【防水不脱色】SS4,['个护化妆 彩妆 唇线笔']
0,952,唇线笔送唇膏诗黛尔持久不脱色防水唇笔口红笔不掉色不沾杯不晕,['个护化妆 彩妆 唇线笔']
0,953,扶柳/欧丽丝【唇线笔+口红】女士专用双头多用口红,['个护化妆 彩妆 唇线笔']
0,954,【店播专享】KAO花王 Biore碧柔轻薄水感保湿防晒霜50g,['个护化妆 彩妆 防晒']
0,955,【静静优选】安.罗拉清透隔离防晒乳,['个护化妆 彩妆 防晒']
0,956,研春美白防晒乳（SPF50+）+洋甘菊晒后精华液,['个护化妆 彩妆 防晒']
0,957,韩伦美羽多重防护采洁防晒霜SPF50倍旗艦店正品防紫外线隔离保湿,['个护化妆 彩妆 防晒']
0,958,【直播专享】透白莹亮防晒喷雾,['个护化妆 彩妆 防晒']
0,959,【明星代言】肌琳莎丝柔水漾粉底液内含美妆蛋,['个护化妆 彩妆 粉底']
0,960,【明星张檬代言买一支发三支】鎏金焕颜遮瑕粉底,['个护化妆 彩妆 遮瑕']
0,961,阿玛尼大师造型粉底液2/3,['个护化妆 彩妆 粉底']
0,962,玉肌十效合一气垫粉底霜,['个护化妆 彩妆 BB/CC霜']
0,963,【小美】YJ-光采奢华美颜无瑕BB粉底液（1）,['个护化妆 彩妆 粉底']
0,964,【旗男子】透蜜水嫩修颜隔离霜-D,['个护化妆 彩妆 隔离/妆前']
0,965,瓷雅 水凝多效修颜隔离霜 TB-LW,['个护化妆 彩妆 隔离/妆前']
0,966,【刘总专属】MG美肌 初恋约会隔离霜,['个护化妆 彩妆 隔离/妆前']
0,967,薇蒂艾儿清新亮肤妆前乳隔离 ,['个护化妆 彩妆 隔离/妆前']
0,968,三件套丨ZEESEA滋色隔离霜保湿学生平价好用打底遮瑕妆前乳隔离,['个护化妆 彩妆 隔离/妆前']
0,969,露薇雅点彩刷动物毛化妆刷,['个护化妆 彩妆 化妆工具']
0,970,美睫额头垫种睫毛额头贴硅胶垫片放置睫毛和胶水美睫嫁接睫毛工具,['个护化妆 彩妆 化妆工具']
0,971,【主播宠粉款】0.56元化妆刷套装眼影刷子彩妆美妆眉刷粉底刷,['个护化妆 彩妆 化妆工具']
0,972,多功能一化妆刷可爱少女风眼影刷散粉刷腮红刷化妆刷套装学,['个护化妆 彩妆 化妆工具']
0,973,李佳琦美妆蛋干湿两用彩妆蛋气垫粉扑上妆服帖海绵,['个护化妆 彩妆 化妆工具']
0,974,fix化妆刷十三支装,['个护化妆 彩妆 化妆工具']
0,975,精品216假睫毛自然款式,['个护化妆 彩妆 假睫毛']
0,976,焦糖色天鹅绒嫁接睫毛 魔睫丝,['个护化妆 彩妆 假睫毛']
0,977,萱宇#送双眼皮贴纯手工假睫毛套装浓密自然纤长假眼睫毛十对装,['个护化妆 彩妆 假睫毛']
0,978,鸢尾花假睫毛混合装,['个护化妆 彩妆 假睫毛']
0,979,【专享价】A型假睫毛自然仿真朵毛单簇仙女睫毛嫁接套装口罩状点,['个护化妆 彩妆 假睫毛']
0,980,火烈鸟精细纤长睫毛膏,['个护化妆 彩妆 睫毛膏增长液']
0,981,彩色睫毛膏女防水纤长卷翘细头不晕染持久不脱妆网红爆款,['个护化妆 彩妆 睫毛膏增长液']
0,982,碎钻彩色睫毛膏睫毛雨衣防水拉长不晕染细刷头白色蓝舞台表演COS,['个护化妆 彩妆 睫毛膏增长液']
0,983,色娜娜星空睫毛膏浓眉卷翘自然纤长防水不易脱妆,['个护化妆 彩妆 睫毛膏增长液']
0,984,艾杜纱睫毛打底膏3件套(经典黑6g+睫毛膏6g+眼唇卸20ml）,['个护化妆 彩妆 睫毛膏增长液']
0,985,【君君福利 】MKING PRETTY小金筷极细眉笔,['个护化妆 彩妆 眉笔眉粉']
0,986,立体双头眉笔防水防汗持久不晕染初学者不易脱色女学生,['个护化妆 彩妆 眉笔眉粉']
0,987,FLORTTE花洛莉亚双头极细眉笔女初学者自然防水汗不脱色持久,['个护化妆 彩妆 眉笔眉粉']
0,988,尔木萄流星极细眉笔不晕染易上色眉笔,['个护化妆 彩妆 眉笔眉粉']
0,989, wet n wild湿又野便携新手初学者深棕浅棕烟灰茶褐wnw双头眉笔,['个护化妆 彩妆 眉笔眉粉']
0,990,蓝蝴蝶结（纯手工）定制 穿戴防水美甲,['个护化妆 彩妆 美甲']
0,991,纯手工定制美甲贴片网红欧式晕染渐变穿戴美甲成品假指甲晕染显白,['个护化妆 彩妆 美甲']
0,992,网红爆款指甲贴美甲钻流苏混装25颗,['个护化妆 彩妆 美甲']
0,993,colorplus2022新款9色梦幻流沙猫眼甲油胶小套系,['个护化妆 彩妆 美甲']
0,994,（七七）蓝色棋盘格 穿戴美甲可拆卸美甲贴片24片,['个护化妆 彩妆 美甲']
0,995,甲沟炎专用指甲刀脚指甲硬甲钳鹰嘴钳修脚刀具,['个护化妆 彩妆 美甲工具']
0,996,雷尼原创118色甲油胶,['个护化妆 彩妆 美甲']
0,997,韩国777指甲刀单个装家用中号指甲钳成人便携大号指甲剪原装进,['个护化妆 彩妆 美甲工具']
0,998,热销软毛粉尘刷 指甲灰尘刷清理工具粉尘刷扫打磨刷子 昕贝美甲,['家居家装 生活日用 清洁用具']
0,999,指甲锉 菱形搓条 打磨条 磨指甲砂条美甲工具,['个护化妆 彩妆 美甲工具']
0,1000,【王总专属】蕾珂美·亲肤无感弹弹粉饼,['个护化妆 彩妆 蜜粉散粉粉饼']
0,1001,【官方大牌补贴】NARS纳斯大白饼裸光蜜粉饼（10g）,['个护化妆 彩妆 蜜粉散粉粉饼']
0,1002,Tabula Rasa 流体散粉控油持妆遮瑕防水防汗不脱妆,['个护化妆 彩妆 蜜粉散粉粉饼']
0,1003,CT定妆控油粉饼8g无粉扑01号色（李,['个护化妆 彩妆 蜜粉散粉粉饼']
0,1004,蓉蓉补贴  露伊薇丹奢宠四宫格蜜粉,['个护化妆 彩妆 粉底']
0,1005,随变@XMXP  暗黑熊GH199  防水持久仿真身体贴,['个护化妆 彩妆 其它-彩妆']
0,1006,薇变@vinishe GH-114美女与狐狸 草本果汁身体贴防水持久仿半永久,['个护化妆 彩妆 其它-彩妆']
0,1007,SHY 燕羽毛少女心遮疤纹身贴草本半永久手臂锁骨性感辣妹甜酷防水,['个护化妆 彩妆 其它-彩妆']
0,1008,仿真刺青花臂纹身割线纹身贴防水男女全臂般若逼真防汗图案纸,['个护化妆 彩妆 其它-彩妆']
0,1009,纹墨轩时尚小清新纹身贴纸向日葵太阳花防水纹身贴花臂女持久刺青,['个护化妆 彩妆 其它-彩妆']
0,1010,【本店任意一张】下单自备编号不论尺寸大小图案，仅限草本纹身贴,['个护化妆 彩妆 其它-彩妆']
0,1011,谢馥春栀香花萃便携卸妆膏3g*20粒,['个护化妆 彩妆 卸妆']
0,1012,【蕾蕾宠粉】芭贝拉卸妆油敏感肌脸部深层清洁女眼唇卸妆水乳膏,['个护化妆 彩妆 卸妆']
0,1013,贝德玛卸妆水100ml小样,['个护化妆 彩妆 卸妆']
0,1014,BIODERMA 贝德玛 卸妆水粉水 500ml,['个护化妆 彩妆 卸妆']
0,1015,植村秀SHU UEMURA 琥珀臻萃洁颜油卸妆油 50ml 150ml 450ml,['个护化妆 彩妆 卸妆']
0,1016,【唐泡芙专享】JOJO 莹光焕然多彩修容粉J616,['个护化妆 彩妆 修容阴影高光']
0,1017,格蒙轻透幻彩高光粉饼眼影卧蚕立体修容盘腮红细腻不显毛孔,['个护化妆 彩妆 胭脂腮红']
0,1018,GOGO TALES戈戈舞焦光魅影高光粉立体修饰高光提亮双色修容盘,['个护化妆 彩妆 修容阴影高光']
0,1019,LALSLY莱斯乐少女派对双层高光粉,['个护化妆 彩妆 修容阴影高光']
0,1020,梦幻修颜花朵高光粉带刷子,['个护化妆 彩妆 化妆工具']
0,1021,leezi 1993/莉兹【粉丝福利】眼线笔眼线液速干不晕妆防水防汗,['个护化妆 彩妆 眼线笔液膏']
0,1022,【种草官专享】 薇娅力荐 卞卡 波普恒彩眼线笔速干防水不晕染,['个护化妆 彩妆 眼线笔液膏']
0,1023,SHELOVES极细彩色眼线胶笔 伪素颜防水防汗不脱妆卧蚕美妆棕色,['个护化妆 彩妆 眼线笔液膏']
0,1024,MINSHZEE/茗希芝七彩虹星空眼线笔极细笔新手速干不晕染防水持久,['个护化妆 彩妆 眼线笔液膏']
0,1025,四季物语轻羽流畅眼线液笔黑色0.6ML,['个护化妆 彩妆 眼线笔液膏']
0,1026,Charlottetilbury四色奢彩眼影盘哑光枕边话,['个护化妆 彩妆 眼影']
0,1027,超仙双色偏光眼影盘ins超火闪粉珠光防水大地多单色亮片,['个护化妆 彩妆 眼影']
0,1028,戈戈舞沙漠星光眼影盘,['个护化妆 彩妆 眼影']
0,1029,键盘指尖九色眼影,['个护化妆 彩妆 眼影']
0,1030,【粉丝专享】kiss beauty清新亮泽眼影膏土豆泥单色卧蚕高光学生,['个护化妆 彩妆 眼影']
0,1031,【达人专享】Judydoll橘朵甜甜圈腮红修容高光一体盘,['个护化妆 彩妆 胭脂腮红']
0,1032,单色腮红纯欲少女心珠光人鱼姬细闪自然裸妆提亮浮雕胭脂盘初学者,['个护化妆 彩妆 胭脂腮红']
0,1033,Joocyee酵色琥珀腮红奶杏色贝壳高光一体修容JC晒红,['个护化妆 彩妆 胭脂腮红']
0,1034,单色腮红纯欲可爱自然裸妆防水高光修容一体盘胭脂平价学生党,['个护化妆 彩妆 胭脂腮红']
0,1035,Miss rose八色腮红盘哑光持久自然提亮修容裸妆便携款腮红胭脂盘,['个护化妆 彩妆 胭脂腮红']
0,1036,PYH向日花遮瑕笔卧蚕遮盖斑点痘印眼袋泪沟法令纹黑眼圈精准遮瑕,['个护化妆 彩妆 遮瑕']
0,1037,郭小妞懒人必备快速双头遮瑕膏笔遮盖斑点痘印黑眼圈水润遮暇膏,['个护化妆 彩妆 遮瑕']
0,1038,遮瑕膏雀斑遮粉底膏黑眼圈痘印遮盖斑防水脸部痘痘彩妆,['个护化妆 彩妆 遮瑕']
0,1039,MAOGEPING毛戈平无瑕精准遮瑕膏,['个护化妆 彩妆 遮瑕']
0,1040,莉兹至美心机遮瑕膏,['个护化妆 彩妆 遮瑕']
0,1041,口气清新剂 男女学生去口气异味 便携持久香味口气清新喷雾,['个护化妆 口腔护理 其它-口腔护理']
0,1042,【赵露思代言】参半口气清新剂 口腔喷雾持久清新去异味约会必备,['个护化妆 口腔护理 其它-口腔护理']
0,1043,薄荷味口气清新剂口腔喷雾男女士接吻持久去异味随身携带学生,['个护化妆 口腔护理 其它-口腔护理']
0,1044,云南本草口气清新剂【接吻神器】口气清新喷雾剂,['个护化妆 口腔护理 其它-口腔护理']
0,1045,chunfu/春芙多效清新口喷口腔喷雾劲爽薄荷,['个护化妆 口腔护理 其它-口腔护理']
0,1046,【主播推荐】参半益生菌薄荷可乐漱口水口腔清洁清新口气便携清,['个护化妆 口腔护理 漱口水']
0,1047,可孚蜜桃味便携装漱口水独立包装清新口气,['个护化妆 口腔护理 漱口水']
0,1048,【丽姐专属】YINBA茵芭清新漱口水,['个护化妆 口腔护理 漱口水']
0,1049,漱口水清新口气口腔护理口腔清洁抑菌牙渍口腔异味便携男女爱用物,['个护化妆 口腔护理 漱口水']
0,1050,【平凡人生专享】值得美 · 漱口水 温和 清新口气 0酒精,['个护化妆 口腔护理 漱口水']
0,1051,TST樱花清新漱口水（11ml*20袋）,['个护化妆 口腔护理 漱口水']
0,1052,【直播推荐】腾药活性肽护龈牙膏旅行装25g*1+漱口水20条*2,['个护化妆 口腔护理 牙膏']
0,1053,超值套装 漱口水瓶装*2漱口水盒装*1正装牙膏*3旅行牙膏*2牙刷*2,['个护化妆 口腔护理 套装']
0,1054,【粉丝回馈】舒客漱口水防蛀牙膏组合,['个护化妆 口腔护理 漱口水']
0,1055,酒店宾馆用品一次性牙刷牙膏套装牙具二合一一次性洗漱用品,['个护化妆 口腔护理 套装']
0,1056,【大喜专享】牙博士家庭实惠套装牙膏*4 漱口水100ml 牙刷*3,['个护化妆 口腔护理 套装']
0,1057,「云平专享」玖皙氨基酸清新牙粉,['个护化妆 口腔护理 牙粉']
0,1058,【宸泽专属】修真堂清新炫亮牙粉 清洁牙渍牙黄牙垢,['个护化妆 口腔护理 牙粉']
0,1059,（拍一发二）蜂毒柔爽护龈洁牙粉50克,['个护化妆 口腔护理 牙粉']
0,1060,【口腔护理】白牙神器去黄美白牙粉美白去黄洗牙粉去学生去渍炫.,['个护化妆 口腔护理 牙粉']
0,1061,云南本草*珍珠亮白洗牙粉清理牙齿清新口气亮白50g,['个护化妆 口腔护理 牙粉']
0,1062,【白云山品牌】亮白去啧牙膏120g 清新口气 家庭通用装,['个护化妆 口腔护理 牙膏']
0,1063,【阿峰定制】蜂毒舒敏缓痛牙膏,['个护化妆 口腔护理 牙膏']
0,1064,【粉丝福利9.9元两瓶】黄金牙膏  口腔护理，清新口气，,['个护化妆 口腔护理 牙膏']
0,1065,2支装｜日本狮王酵素洁净牙膏130g,['个护化妆 口腔护理 牙膏']
0,1066,竹盐精研卓效护龈牙膏105g尚雅薄荷呵护牙龈清洁牙齿预防龋齿红肿,['个护化妆 口腔护理 牙膏']
0,1067,【蜻蜓优选】30支情侣牙刷家庭装独立包装竹炭牙刷成人软毛 2-30,['个护化妆 口腔护理 牙刷']
0,1068,AIMINI六代迪拜牙刷新款升级六代羽柔超细软毛宽头抑菌家用家庭装,['个护化妆 口腔护理 牙刷']
0,1069,中硬毛牙刷家用超硬男士专用牙刷去烟渍高档牙刷软毛成人装组合装,['个护化妆 口腔护理 牙刷']
0,1070,【每日推荐】竹炭软毛牙刷 成人家用牙刷批发1支0.33,['个护化妆 口腔护理 牙刷']
0,1071,和光堂360牙刷,['个护化妆 口腔护理 牙刷']
0,1072,今日美创宽头软毛牙刷3支装（晶晶来了）,['个护化妆 口腔护理 牙刷']
0,1073,欧诺洁6D微晶牙贴温和不酸牙14对/盒,['个护化妆 口腔护理 牙贴']
0,1074,whitewash nano 可溶解6%家用牙贴牙膜,['个护化妆 口腔护理 牙贴']
0,1075,舒客光感炫白牙贴樱花味DB-TH,['个护化妆 口腔护理 牙贴']
0,1076,smilelab进口牙贴口腔护理2盒送牙膏口喷,['个护化妆 口腔护理 牙膏']
0,1077,ROAMAN罗曼钻石亮白牙贴去黄洁白神器护敏不酸牙14对,['个护化妆 口腔护理 牙贴']
0,1078,【24小时发货】小鹿妈妈牙线经典超细牙线棒剔牙神器牙签牙线家,['个护化妆 口腔护理 牙线棒']
0,1079,【实惠袋装】牙线家庭装便携装新款盒装弓形牙线棒超细双头线极细,['个护化妆 口腔护理 牙线棒']
0,1080,Grin成人牙线家庭装牙签线剔牙线牙线棒扁线 独立包装 便携 环保,['个护化妆 口腔护理 牙线棒']
0,1081,（聪）经典牙线安全牙签盒清洁牙缝超细牙线棒剔牙线家庭装一盒装,['个护化妆 口腔护理 牙线棒']
0,1082,妈妈牙线棒超细顺滑剔牙神器家庭装安全牙线棒独立包装牙线签,['个护化妆 口腔护理 牙线棒']
0,1083,牙线棒独立装细圆线剔牙一次性牙签家庭装20-300支,['个护化妆 口腔护理 牙线棒']
0,1084,牙线棒牙签细线一次性牙线剔牙神器家庭装经典超细牙线签成人牙线,['个护化妆 口腔护理 牙线棒']
0,1085,100支袋鼠妈妈牙线棒超细易剔牙安全牙签盒弓形家庭家用袋装包邮,['个护化妆 口腔护理 牙线棒']
0,1086,dpu鼻贴去黑头粉刺套装神qi收缩毛孔吸清洁草莓鼻女学生男士专用,['个护化妆 面部护肤 T区护理']
0,1087,超尖闭口粉刺针套装细胞夹美容院专用拔去黑头镊子神器排挤痘工具,['个护化妆 面部护肤 T区护理']
0,1088,NOVO清洁面膜涂抹式泥膜深层清洁收缩毛孔保湿控油去黑头粉刺学生,['个护化妆 面部护肤 T区护理']
0,1089,【修正】竹炭祛黑头鼻贴 去黑头鼻贴 收缩毛孔去粉刺 淡化黑色素,['个护化妆 面部护肤 T区护理']
0,1090,去黑头蜂巢套盒,['个护化妆 面部护肤 T区护理']
0,1091,滋润唇膏唇膜保湿滋润嘴唇防干裂男女滋润淡化唇纹,['个护化妆 面部护肤 唇部护理']
0,1092,【联盟好物】兰瑟植物水彩轻唇膏,['个护化妆 面部护肤 唇部护理']
0,1093,温感变色唇膏保湿滋润嘟嘟唇改善干燥温和护唇唇部护理,['个护化妆 面部护肤 唇部护理']
0,1094,梦希蓝璀璨臻彩保湿口红温变润唇膏3.8g变色口红唇部保湿滋润,['个护化妆 面部护肤 唇部护理']
0,1095,【NM】牛油果唇乳~保湿滋润学生打底润唇膏补水男女淡化唇纹,['个护化妆 面部护肤 唇部护理']
0,1096,TST双玻系列(洁100g精华水120ml乳100ml露30ml眼霜20g充盈霜50g),['个护化妆 面部护肤 眼部护理']
0,1097,《阿姨推荐》桃花紧致嫩肤女王套盒A263,['个护化妆 面部护肤 护肤套装']
0,1098,雪花秀--*高端*人参水乳5ml/瓶,['个护化妆 面部护肤 乳液面霜']
0,1099,伦敦圈层维生素男士护肤套装【三件套】一套养出吸引女生的干净脸,['个护化妆 面部护肤 护肤套装']
0,1100,秀秀 水乳霜精华中样 五件套旅行装,['个护化妆 面部护肤 护肤套装']
0,1101,【小课堂福利】佰草集新玉润保湿洁面泡150ML*2瓶,['个护化妆 面部护肤 洁面']
0,1102,茶树精油皂除螨抑菌祛痘去黑头洗脸皂美白止痒洗澡全身螨虫男女生,['个护化妆 身体护理 香皂']
0,1103,欧束菲蜂胶蓝铜肽冻干粉洁面乳 硅胶刷头 保湿滋润  温和洁净,['个护化妆 面部护肤 洁面']
0,1104,香奈儿柔和净扶泡沫洁面乳 30ml,['个护化妆 面部护肤 洁面']
0,1105,kasanrin/卡莎灡提亮肤色整条洗脸手工精油皂,['个护化妆 身体护理 香皂']
0,1106,【官方直售】蓓诗黎玻色因修护精华液,['个护化妆 面部护肤 面部精华']
0,1107,【宠粉福利】甘草精粹液,['个护化妆 面部护肤 面部精华']
0,1108,ESTEE LAUDER/雅诗兰黛专研匀净透亮精华素100ml,['个护化妆 面部护肤 面部精华']
0,1109,金枝精华Jm.polly水光透亮精华露,['个护化妆 面部护肤 面部精华']
0,1110,山茶护肤油含量99%仅一个成分山茶籽植物精华油0添加修护屏障,['食品酒水 粮油调味 食用油']
0,1111,子韩推荐同款酵母次抛精华,['个护化妆 面部护肤 面部精华']
0,1112,净化平衡按摩膏面部美容清洁毛孔紧致肌肤去角质补水清洁霜,['个护化妆 面部护肤 面部磨砂去角质']
0,1113,去角质慕斯面部泡沫清洁毛孔去死皮去黑头深层清洁男女脸部磨砂膏,['个护化妆 面部护肤 面部磨砂去角质']
0,1114,格兰玛弗兰非凡伊娃面部去角质啫喱100ml,['个护化妆 面部护肤 面部磨砂去角质']
0,1115,Pearlosophy/真珠美学玫瑰籽面部磨砂膏,['个护化妆 面部护肤 面部磨砂去角质']
0,1116,2020新款植物精萃祛角质面部清洁磨砂柠檬磨砂膏温和柠檬去角,['个护化妆 面部护肤 面部磨砂去角质']
0,1117,YH/倚后玫瑰悦颜精油面膜,['个护化妆 面部护肤 面膜']
0,1118,谷雨【元雅专属】谷雨仙人掌沁润补水面膜蓝膜绿膜16片,['个护化妆 面部护肤 面膜']
0,1119,名美人冻干粉补水免洗面膜霜,['个护化妆 面部护肤 面膜']
0,1120,【敬修堂】佰花方类人胶原蛋白面膜 5片/盒-JM,['个护化妆 面部护肤 面膜']
0,1121,韩国Dr.ceuracle舒罗蔻抹茶清洁面膜济州岛涂抹式泥膜,['个护化妆 面部护肤 面膜']
0,1122,【兜儿专属】麦欧丽 修眉刀50片+刀架2个+棉签100支,['个护化妆 彩妆 化妆工具']
0,1123,【壹家】棉签掏耳朵挖耳化妆消毒家用棉花棒一次性尖头卫生棉球棒,['个护化妆 面部护肤 其它-面部护肤']
0,1124,由你家双头棉签20小包*共2000支F,['个护化妆 面部护肤 其它-面部护肤']
0,1125,彩色竹木棉签棒一次性化妆清洁棉棒双头化妆掏耳300支圆盒三色杯,['个护化妆 面部护肤 其它-面部护肤']
0,1126,【专为女性面部设计】小V脸面罩 对抗松弛,['家用电器 个人健康 美容器']
0,1127,协和经典国货VE乳补水保湿滋润面部护肤品面霜乳液男女正品,['个护化妆 面部护肤 乳液面霜']
0,1128,【西西】Whoo后天气丹花献光彩紧颜滋养面霜10ml保湿天气丹面霜,['个护化妆 面部护肤 乳液面霜']
0,1129,【春节不打烊】舒缓保湿特护霜敏感肌可以用温和保湿守护年轻肌肤,['个护化妆 面部护肤 乳液面霜']
0,1130,【主播专享】海茴香胶原蛋白填充精华霜,['个护化妆 面部护肤 乳液面霜']
0,1131,黄芪舒纹紧致面霜 淡化皱纹干纹黄芪霜补水保湿护肤品,['个护化妆 面部护肤 乳液面霜']
0,1132,丸美 日本酒御龄冰肌霜25g,['个护化妆 面部护肤 乳液面霜']
0,1133,泊泉雅芦荟洁肤水补水保湿控油收缩毛孔爽肤水温和嫩肤护肤品,['个护化妆 面部护肤 爽肤水']
0,1134,酵母神仙调理水补水保湿爽肤水化妆水柔肤水,['个护化妆 面部护肤 爽肤水']
0,1135,舒缓保湿柔肤大粉水,['个护化妆 面部护肤 爽肤水']
0,1136,巴赫复欣类人胶原蛋白安护舒缓喷雾,['个护化妆 面部护肤 爽肤水']
0,1137,JIAOCHAN/娇婵 贵族能量水 【第二代】定制版【三哥严选,['个护化妆 面部护肤 爽肤水']
0,1138,【买2送1】告别凹陷脸 去泪沟神器 收缩眼袋泪沟 丰盈弹润精华液,['工业/农业/商业 农业用品 农业用品']
0,1139,霏思小铺377玻色因熬夜抗皱修护眼霜,['个护化妆 面部护肤 眼部护理']
0,1140,【大程程专享】黄金蜂窝御龄蝴蝶眼膜,['个护化妆 面部护肤 眼部护理']
0,1141,【粉丝福利】欧束菲蝴蝶眼膜贴,['个护化妆 面部护肤 眼部护理']
0,1142,优资莱水凝胶黄金眼膜淡化黑眼圈眼袋透明,['个护化妆 面部护肤 眼部护理']
0,1143,吉列锋隐致顺手动剃须刀锋速5层刀头刀片男士刮胡刀吉利官方正品,['个护化妆 男士护理 男士剃须']
0,1144,阿帕齐5层手动剃须刀男士手动刮胡刀老式剃须刀架刀头套装刮脸刀,['个护化妆 男士护理 男士剃须']
0,1145,吉利锐双层剃须刀片手动刮胡刀片剃须刀头刮胡子刀片男刮胡须刀,['个护化妆 男士护理 男士剃须']
0,1146,吉列云感剃须刀小云刀男士手动刮胡刀剃须刀吉利官方旗舰店官网,['个护化妆 男士护理 男士剃须']
0,1147,男士剃须泡沫刮胡泡沫剃须膏刮胡膏柠檬香型230ml,['个护化妆 男士护理 男士剃须']
0,1148,梵贞酷爽丝滑男士脱毛膏推荐去脸部面部胡须全身可用除腿毛腋毛,['个护化妆 男士护理 其它-男士护理']
0,1149,佰思露男士脱毛膏脱胡子胡须络腮胡串脸胡腋毛腿毛全身,['个护化妆 男士护理 其它-男士护理']
0,1150,他秘男士私处护理液抑菌清洗液下体阴囊潮湿阴茎去垢止痒去味洗液,['个护化妆 男士护理 其它-男士护理']
0,1151,男士专用护垫超薄透气私处护理大姨夫卫生巾漏尿垫成人吸汗纸尿片,['个护化妆 男士护理 其它-男士护理']
0,1152,男士爽身粉去痱子粉成人私处爽肤热痱止汗止痒清凉婴儿通用清香型,['个护化妆 男士护理 其它-男士护理']
0,1153,妙缘正品雪莲护垫女性卫生纯棉护垫160mm 12片/盒,['个护化妆 女士护理 护垫']
0,1154,【一盒6片】凤洁舒护垫买二送一送黄柏洗液呵护女性独立包装,['个护化妆 女士护理 护垫']
0,1155,【官方旗舰店】ABC棉柔护垫6包 共120片,['个护化妆 女士护理 护垫']
0,1156,佳期超薄护垫纯棉零触非卫生巾女生无翼护垫30片无香型152mm 正品,['个护化妆 女士护理 护垫']
0,1157,素晴星空罗马洋甘菊卫生护垫2包48片,['个护化妆 女士护理 护垫']
0,1158,私密处阴道冲洗液妇科炎症去异味女士私处护理霉菌性,['个护化妆 女士护理 女士私处护理']
0,1159,舒奈美|益生菌抑菌清洗液女性私处护理液清洗液日常清洁滋润养护,['个护化妆 女士护理 女士私处护理']
0,1160,妇炎洁经典洗液组合368ml*2瓶,['个护化妆 女士护理 女士私处护理']
0,1161,【仁和药业】妇炎洁私处免洗抑菌喷剂洗液女性私密清洗液抑菌痒,['个护化妆 女士护理 女士私处护理']
0,1162,【主播推荐】Chilly意大利原装进口女性专用私密护理液,['个护化妆 女士护理 女士私处护理']
0,1163,【集思】苦参杀菌女性私处护理用品护理湿巾小包抑菌清洁湿纸巾,['个护化妆 女士护理 女士私处护理']
0,1164,双面姨妈垫月经垫生理期可水洗学生宿舍防漏例假经期垫子小褥子,['家居家装 家纺 床垫床褥']
0,1165,大姨妈垫可洗女学生宿舍月经垫生理期小褥子防侧漏老人隔尿垫,['母婴 尿裤湿巾 尿布尿垫']
0,1166,姨妈垫月经垫床垫生理期例假防侧漏学生女宿舍同房垫可洗,['家居家装 家纺 床垫床褥']
0,1167,高洁丝Kotex 蜜桃小姐夜安裤L码均码2p*2包,['服装 女士内衣 打底裤']
0,1168,姨妈垫月经垫生理期床垫女宿舍学生防皱可机洗防漏护理垫防滑可洗,['家居家装 家纺 床垫床褥']
0,1169,剃毛刀私处腋毛腿毛私密刮毛刀女士专用比基尼手动除毛神器脱毛,['个护化妆 女士护理 脱毛']
0,1170,卡琪丽脱毛套盒女生腋毛私处去阴毛全身去毛神器男专用温和脱毛,['个护化妆 男士护理 其它-男士护理']
0,1171,英吉利（YINGJILI）朵梦小颜刮毛刀女士专用脱毛刀,['个护化妆 女士护理 脱毛']
0,1172,刮毛刀女士剃毛专用腋毛腿毛私处阴毛修剪仪器全身通用脱毛神器,['家用电器 个人健康 剃脱毛器']
0,1173,【19.9元2盒送刮板】丝滑沁香脱毛膏温和护肤女士专用脱毛不刺激,['个护化妆 女士护理 脱毛']
0,1174,自由点卫生巾夜用安睡裤成人产妇裤型卫生巾超长防侧漏整箱批发,['个护化妆 女士护理 卫生巾']
0,1175,七度空间少女420纯棉纤巧超长夜用卫生巾QSA6916【16片/包】,['个护化妆 女士护理 卫生巾']
0,1176,SOFY/苏菲日夜用组合【好物年货节】手96片超值卫生巾套餐姨妈巾,['个护化妆 女士护理 卫生巾']
0,1177,苏菲卫生巾大姨妈夜用超熟睡420mm超长女学生组合装***一整箱,['个护化妆 女士护理 卫生巾']
0,1178,【好评第二】正品卫生巾日夜组合姨妈巾纯棉超长整箱批发学生420,['个护化妆 女士护理 卫生巾']
0,1179,强生ob卫生棉条导管式女内置卫生巾月经姨妈棉棒生理期游泳防水,['个护化妆 女士护理 卫生棉条']
0,1180,喜棉【32支实惠装】卫生棉条导管式内置隐形卫生巾经期神器姨妈棒,['个护化妆 女士护理 卫生棉条']
0,1181,正品强生ob卫生棉条导管式普通量多内置德国进口棉条卫生巾无感,['个护化妆 女士护理 卫生棉条']
0,1182,【新】AIMYBEAR瞌睡熊导管式卫生棉条拍2盒赠1盒,['个护化妆 女士护理 卫生棉条']
0,1183,直营尤妮佳苏菲卫生棉条组合（32支+34支+25支）导管式卫生棉,['个护化妆 女士护理 卫生棉条']
0,1184,内置强生OB量多型卫生棉条 量多型夜用普通型日用 量少迷你卫生巾,['个护化妆 女士护理 卫生棉条']
0,1185,韩伦美羽凝水微晶颈部护理贴淡化颈部细纹提拉紧致,['个护化妆 身体护理 颈部护理']
0,1186,AA爱而乐颈纹霜,['个护化妆 身体护理 颈部护理']
0,1187,【GZ】梵贞六胜肽弹润美颈霜补水保湿淡化颈纹提拉紧致颈部护理学,['个护化妆 身体护理 颈部护理']
0,1188,【CORMOS品牌专享】可美颈霜类蛇毒肽紧致脖子颈部护理淡化颈纹K1,['个护化妆 身体护理 颈部护理']
0,1189,凡士林颈纹霜护理美颈50g 淡化去颈纹提拉紧致嫩白美颈膜颈部护理,['个护化妆 身体护理 颈部护理']
0,1190,高大上的西班牙颈霜颈纹霜,['个护化妆 身体护理 颈部护理']
0,1191,BUV黑莓焕肤磨砂膏去角质滋润身体嫩白全身LYMZ02,['个护化妆 身体护理 磨砂/浴盐']
0,1192,【五支特惠装】黑莓焕肤磨砂膏,['个护化妆 身体护理 磨砂/浴盐']
0,1193,【赵文琪专属】水蜜桃身体磨砂膏,['个护化妆 身体护理 磨砂/浴盐']
0,1194,【粉丝专属】法汀妮果香沐浴盐泡澡足浴盐足部后背全身洗浴,['个护化妆 身体护理 手足护理']
0,1195,【3瓶49.9元】搓澡神器全身通用去角质死皮 搓泥膏 ZX,['个护化妆 身体护理 磨砂/浴盐']
0,1196,协和维E橙花保湿沐浴露,['个护化妆 身体护理 沐浴']
0,1197,【钻爸优选】澳洲Greenkosy绿色溪谷沐浴露（2瓶装）茶树&橙花,['个护化妆 身体护理 沐浴']
0,1198,丝曼尼滋润肌肤香水沐浴露,['个护化妆 身体护理 沐浴']
0,1199,仙姐 莱沃媞沐浴露持久留香氛男女士保湿滋润补水沐浴乳500ml,['个护化妆 身体护理 沐浴']
0,1200,【格兰大地】果味沐浴慕斯200ml,['个护化妆 身体护理 沐浴']
0,1201,COW STYLE牛乳石硷  500ml美肤沐浴乳+400ml补充包,['个护化妆 身体护理 沐浴']
0,1202,挖耳勺掏耳勺挖耳朵掏耳神器不锈钢6件套,['个护化妆 身体护理 其它-身体护理']
0,1203,耳爬子可以吸的掏耳勺儿童掏耳勺屎吸尘器智能电动掏耳勺可吸清理,['个护化妆 身体护理 其它-身体护理']
0,1204,手工黄铜纯铜老式耳勺掏耳挖耳扒耳朵耙子薄边钥匙扣挂饰吊坠,['个护化妆 身体护理 其它-身体护理']
0,1205,掏耳朵神器挖耳勺带灯儿童发光耳勺宝宝扣耳朵采耳屎镊子工具套装,['个护化妆 身体护理 其它-身体护理']
0,1206,无线可视挖耳勺采耳工具掏耳朵发光耳勺高清可视挖耳朵掏耳神器新,['个护化妆 身体护理 其它-身体护理']
0,1207,厂家直销 驱蚊神器超声波防蚊手表 显示温度纯物理驱蚊防蚊虫克星,['家居家装 家庭清洁 驱蚊防虫']
0,1208,【飞升优选】儿童防蚊贴学生随身可爱成人婴儿宝宝防蚊子神器防蚊,['个护化妆 身体护理 驱蚊']
0,1209,【驱蚊神器】香茅防蚊凝胶 让你远离蚊子的骚扰 JH ,['家居家装 家庭清洁 驱蚊防虫']
0,1210,稻穗【丫头baby粉丝专享】青草膏30g+紫草修护膏20g+驱蚊喷雾80ml,['个护化妆 身体护理 驱蚊']
0,1211,新款闪光驱蚊手环手链儿童成人卡通发光防蚊神器户外防蚊虫叮咬,['个护化妆 身体护理 驱蚊']
0,1212,【李日朗推荐】凡士林绵羊油滋润霜,['个护化妆 面部护肤 乳液面霜']
0,1213,烟酰胺瀑水香体乳,['个护化妆 身体护理 润肤乳']
0,1214,【丽妍姐商超】骆驼奶营养香氛身体乳,['个护化妆 身体护理 润肤乳']
0,1215,【明星同款】谷雨光感美白修护精华乳 身体乳 美白提亮补水滋润,['个护化妆 身体护理 润肤乳']
0,1216,【主播推荐】黎芙莎水蜜桃牛奶亮肤身体乳,['个护化妆 身体护理 润肤乳']
0,1217,女神之美玻尿酸护手精华液,['个护化妆 面部护肤 面部精华']
0,1218,【婷婷专享】凡士林护手霜滋养保湿*2支顺丰,['个护化妆 身体护理 手足护理']
0,1219,【火山石+搓脚板】磨脚石去死皮角质工具脚部老茧搓脚脚底,['个护化妆 身体护理 手足护理']
0,1220,日本电动修脚器充电式自动磨脚皮去脚皮死皮刀老茧磨脚神器修足机,['个护化妆 身体护理 手足护理']
0,1221,ZIRKULIN/哲库林七叶树护腿霜 125ML,['个护化妆 面部护肤 乳液面霜']
0,1222,【腹部按摩精油】佰芳源腹部养护精油30ml运动发热精油腹部背部油,['个护化妆 身体护理 纤体瘦身']
0,1223,【正宗艾草清肤液】植物精华萃取滋润护理,['个护化妆 面部护肤 面部精华']
0,1224,freiol福来抚纹紧实身体精华油 植物护肤按摩油,['个护化妆 身体护理 香薰精油']
0,1225,【Wendy专享】旧版肯园巨人花园身体按摩油100ml买一送一,['个护化妆 身体护理 香薰精油']
0,1226,【泰品专营】泰品Caspar舒缓油,['个护化妆 身体护理 香薰精油']
0,1227,（拍1发2 拍2发5）云南手工玫瑰精油香皂,['个护化妆 身体护理 香皂']
0,1228,LG安宝笛香氛香水皂*2块装,['个护化妆 身体护理 香皂']
0,1229,碧芙曼山羊奶蚕丝皂清爽控油皂【拍一发三】,['个护化妆 身体护理 香皂']
0,1230,蜂花香皂125g*3块组合装 檀香玫瑰茉莉皂老国货上海香皂,['个护化妆 身体护理 香皂']
0,1231,海林树苦参金箔净螨皂100克*4盒,['个护化妆 身体护理 香皂']
0,1232,万奈思 纤体塑身霜大肚子收缩赘肉产后紧致套装,['母婴 孕妇用品 产后塑身']
0,1233,双耀堂纤体塑身霜,['个护化妆 身体护理 纤体瘦身']
0,1234,一盒60贴【轻松享瘦】瘦8-30斤瘦身懒人肚脐贴瘦肚子腰腿减肥产品,['个护化妆 身体护理 纤体瘦身']
0,1235,【辣妹A4腰贴】艾腰贴轻松燃脂 快速三倍变身 去寒气排油贴,['个护化妆 身体护理 纤体瘦身']
0,1236,【艾灸肚子艾草艾热】艾灸艾叶艾条蕲艾艾灸贴方便使用（升级款）,['运动健康 保健器械 中医保健']
0,1237,燕语王木瓜葛根精华油 养胸护胸 胶囊精油  1.2ml*16粒 Z1,['个护化妆 身体护理 胸部护理']
0,1238,阿琪思·美人誌乳贴,['个护化妆 彩妆 防晒']
0,1239,CGK丰胸霜产后修复乳房下垂松弛发育不良滋养胸部外扩按摩膏,['个护化妆 身体护理 胸部护理']
0,1240,La Milee/莱玫丰胸霜30g/瓶 丰韵挺拔 饱满迷人,['个护化妆 身体护理 胸部护理']
0,1241,人仁和匠心胸部嫩白精油08-1,['个护化妆 身体护理 胸部护理']
0,1242,胸部护理贴 紧致饱满 润滑嫩弹修护滋养挺拔匀称产后修复,['个护化妆 身体护理 胸部护理']
0,1243,欧丽源止汗走珠香体露去汗臭腋下喷雾抑汗体香持久滚珠香水女学生,['个护化妆 身体护理 止汗香体']
0,1244,【官方补贴】梦幻日记清雅芬芳止汗露香体走珠液 清爽祛味,['个护化妆 身体护理 止汗香体']
0,1245,白云山和黄除臭净味喷雾去狐臭腋下异味喷雾液除臭止汗露,['个护化妆 身体护理 止汗香体']
0,1246,【国妆正品，仁和匠心】夏怡止汗露 改善体味 持久留香466-6,['个护化妆 身体护理 止汗香体']
0,1247,Rseries浪漫身体滚珠凝露,['个护化妆 身体护理 止汗香体']
0,1248,【亚亚专享】松本清杜得乐消臭止汗石20g,['个护化妆 身体护理 止汗香体']
0,1249,【菜菜】三宅一生男士香水,['个护化妆 香水 男士香水']
0,1250,花の物語男士香水套装（四件套）,['个护化妆 香水 男士香水']
0,1251,【丁丁】男士旷野香水100ml,['个护化妆 香水 男士香水']
0,1252,【洒洒专属】正品保障丨活力男士淡香水,['个护化妆 香水 男士香水']
0,1253,【屿畅专属】大吉岭*茶白茶男士香水,['个护化妆 香水 男士香水']
0,1254,雅芳今日香水走珠9ML 花香调女士香水清新自然清香怡人女士学生,['个护化妆 香水 女士香水']
0,1255,【可哥专享】爆款可爱小熊香水女士淡香花果香调香水,['个护化妆 香水 女士香水']
0,1256,奕香女士香水 095 玫瑰茉莉香香调【ZP】,['个护化妆 香水 女士香水']
0,1257,JEAN MISS小城伊香气气质摩登女士香水,['个护化妆 香水 女士香水']
0,1258,DIOUYF甜沁女士香水50ML,['个护化妆 香水 女士香水']
0,1259,【无名专属推荐】事后清晨 中性 木质花香调香水 50ml,['个护化妆 香水 中性香水']
0,1260,酷豚AUTOBLASTER 持久留香 国产品牌小众香水 束缚密钥中性香水,['个护化妆 香水 中性香水']
0,1261,！超级雪松50ml【乔晨精选】雪松中性香水,['个护化妆 香水 中性香水']
0,1262,香膏 固体香膏便携男女士香水女学生持久淡香持久自然清新,['个护化妆 香水 中性香水']
0,1263,COCOSILIYA麋鹿/狐狸男女士香水,['个护化妆 香水 中性香水']
0,1264,COCOSILIYA玫瑰香水50ml,['个护化妆 香水 其它-香水']
0,1265,递欧钻石婚纱真情香水,['个护化妆 香水 其它-香水']
0,1266,【奶酪粉丝专属】栀子花香水50ml,['个护化妆 香水 其它-香水']
0,1267,【主播专享】JEAN MISS/小城伊香 反转香水 持久 淡香清新,['个护化妆 香水 其它-香水']
0,1268,BAIDIFEN旷野香水100ML,['个护化妆 香水 其它-香水']
0,1269,【穆兰推荐】高光发膜,['个护化妆 洗发护发 护发']
0,1270,蜂花柔顺营养护发素1000ml 改善干枯毛躁柔顺发膜发乳男女,['个护化妆 洗发护发 护发']
0,1271,海蓝朵小麦蛋白发油,['个护化妆 洗发护发 护发']
0,1272,【买一送一】LUODAIS/洛黛诗COCO香水护发精油80ML,['个护化妆 洗发护发 护发']
0,1273,头皮隔离精华素（滚珠式）（拍1发6）,['个护化妆 彩妆 隔离/妆前']
0,1274,井泉古方维彩莉植物防脱育发洗发露育发液养洗发水 50ml 正品包邮,['个护化妆 洗发护发 其它']
0,1275,OSMAGUL/澳澌漫草防脱育发液增发密发发际线快速增长育发营养液剂,['个护化妆 洗发护发 其它']
0,1276,【百年品牌】白云山星群育发液植物不刺激改善脱发掉发滋养毛囊,['个护化妆 洗发护发 其它']
0,1277,【健发固发】仁和匠心草本防脱育发液 防脱固发 滋养毛囊,['个护化妆 洗发护发 其它']
0,1278,SOWASOWA三蛋丸东方丽君育发液,['个护化妆 洗发护发 护发']
0,1279,renhe育发液 生发,['个护化妆 洗发护发 其它']
0,1280,雾霾蓝染发剂2021新款流行色蓝灰色染发膏显白无需褪色染发,['个护化妆 洗发护发 染发']
0,1281,湖蓝色雾霾墨蓝灰色染发剂彩色蓝绿色染膏,['个护化妆 洗发护发 染发']
0,1282,润妮诗一梳彩染发剂纯天然植物自己在家染发可盖白发女2021流行色,['个护化妆 洗发护发 染发']
0,1283,CH汉典植物调理染发梳200ml,['个护化妆 洗发护发 染发']
0,1284,奶茶灰棕色染发剂女2021新款流行色无需褪色显白植物天然无刺激,['个护化妆 洗发护发 染发']
0,1285,弹力素保湿软定型增弹卷发修复女香味烫后护卷造型魔浆,['个护化妆 洗发护发 烫发']
0,1286,香飘飘烫发膏一号剂】热烫】味道香】软化快】效果好】,['个护化妆 洗发护发 烫发']
0,1287,第四代韩国摩根烫自粘毛美发工具发型师专用,['个护化妆 洗发护发 烫发']
0,1288,【拍一发二】女士护卷发保湿定型防毛躁啫喱护发精华烫发后护理 w,['个护化妆 洗发护发 烫发']
0,1289,飞飞严选。美发店专用锡纸烫发爆炸头锡纸烫,['个护化妆 洗发护发 烫发']
0,1290,拍一发十 真知丽博恩香水型丰盈纹理烫,['个护化妆 洗发护发 烫发']
0,1291,买洗送护72H留香雅蓝姿彩玻尿酸润养修护洗发乳,['个护化妆 洗发护发 洗护套装']
0,1292,潘婷｜【买一送一】丝质洗发水500g*2三分钟奇迹70ml享,['个护化妆 洗发护发 洗发水']
0,1293,【王炸浮“丽”】Bodyaid博滴洗发膏洗发水去屑止痒控油持久留香,['个护化妆 洗发护发 洗发水']
0,1294,JONG益生菌海盐洗发膏 专研控油止痒 0硅油 蓬松不扁塌,['个护化妆 洗发护发 洗发水']
0,1295,城市香水凝萃洗发乳爱马仕丝巾香型260ml,['个护化妆 洗发护发 洗发水']
0,1296,爱敬科娜洗丝优雅持久留香秀发香氛洗发露200ml,['个护化妆 洗发护发 洗发水']
0,1297,兮古 绿麦套装 洗发水&护发素,['个护化妆 洗发护发 洗护套装']
0,1298,【丽丽夫妇专属】丁家宜无患子洗发水护发素套装,['个护化妆 洗发护发 洗护套装']
0,1299,沙宣修护水养洗护套装(139元带走6件)-旗舰店专享,['个护化妆 洗发护发 洗护套装']
0,1300,莫拉克-奢养香氛润透洗护套,['个护化妆 洗发护发 洗护套装']
0,1301,递欧黄姜植萃洗护套装,['个护化妆 洗发护发 洗护套装']
0,1302,魔法符号免洗香水干发喷雾玫瑰免水洗去油蓬松蓬蓬粉,['个护化妆 洗发护发 其它']
0,1303,透明发蜡男士定型塑型发泥自然蓬松不伤发阔牌发蜡,['个护化妆 洗发护发 造型']
0,1304,【花姐专属】空气蓬松免洗干发喷雾150ml 控油护发清爽懒人必备,['个护化妆 洗发护发 其它']
0,1305,主播自用泡沫发蜡「男士专用」,['个护化妆 洗发护发 造型']
0,1306,原装吉隆熔接机电极棒/吉隆KL-280电极棒/KL-260/KL-300T通用500,['工业/农业/商业 工业用品 工业用品']
0,1307,灯牌定制明星应援发光横幅LED软M灯牌求婚演唱庆典广告发箍年,['工业/农业/商业 电子器材 电子器材']
0,1308,光纤熔接机韩国一诺15A光纤熔接机全套标配ftth光纤入户监控弱电,['工业/农业/商业 工业用品 工业用品']
0,1309,红光光纤测试笔5/10/20/30公里红光笔30MW光纤故障测试打光笔,['电脑办公 办公文仪 学生文具教具']
0,1310,明星演唱灯牌 定制LED生日求婚商演灯牌歌迷粉丝应援软灯牌订做,['工业/农业/商业 电子器材 电子器材']
0,1311,废旧电线电缆手动剥线机 剥皮器 小型扒铜丝线工具 家用钳剥线器,['家居家装 建材 电工电料']
0,1312,活塞环卡子压缩器拆装扳手长鹿取出安装器,['工业/农业/商业 工业用品 工业用品']
0,1313,手扳葫芦手摇葫芦紧线器拉紧器手动牵引手板葫芦/1/1.5/2/3t/6t吨,['家居家装 厨具 厨房配件']
0,1314,浪潮专业级排钻 钻头三合一排钻机连接件小孔 木工合金开孔器套筒,['工业/农业/商业 工业用品 工业用品']
0,1315,全自动光缆附挂机挂缆机挂钩专用 架空挂缆神器 自动扎线机捆扎机,['工业/农业/商业 工业用品 工业用品']
0,1316,橘子袋柑橘袋橙子丑橘耙耙柑套袋春见爱媛防水防病防虫特高光,['工业/农业/商业 农业用品 农业用品']
0,1317,滴箭 滴剑 小三通 小五通单倒钩盆栽滴灌喷灌设备微喷滴灌溉工具,['工业/农业/商业 农业用品 农业用品']
0,1318,活泼花卉园艺虫必克白粉病家用绿植多肉杀虫新手用直喷剂乐施,['工业/农业/商业 农业用品 农业用品']
0,1319,玛姬婶婶 丰花微月 多季开花 盆栽阳台花园庭院 玫瑰月季花苗浓香,['工业/农业/商业 农业用品 农业用品']
0,1320,带轮花托移动花盆托万向轮长方形金属加厚结实耐用客厅底座,['工业/农业/商业 农业用品 农业用品']
0,1321,【清仓】商用保鲜工作台冷藏操作台冰柜冰箱奶茶店冷冻双温平冷柜,['家用电器 大家电 冷吧冷柜']
0,1322,铁艺服装店展示架落地式服装货架衣服挂架挂衣服架子落地衣架单杠,['家居家装 家具 商业办公家具']
0,1323,猛火灶商用带熄火保护炉灶煤气灶单灶熄保天然气自动断气饭店专用,['家用电器 大家电 灶具']
0,1324,达克斯商用超市冷柜立式保鲜冰柜双温冷冻冷藏展示柜啤酒饮料冰箱,['家用电器 大家电 酒柜']
0,1325,制冰机商用奶茶店68100300kg全自动大型冰块机家用小型方冰,['工业/农业/商业 商业用品 商业用品']
0,1326,【奢物专享】陶瓷分格果盘干果盘创意零食糖果盘北欧现代客厅家用,['家居家装 厨具 餐具']
0,1327,【卿见】结婚用品红色果盘婚礼喜盘干果盘子零食喜糖盘家用客厅茶,['珠宝礼品 礼品 婚庆用品']
0,1328,2-4支 加厚不锈钢家用成人吃饭勺子学生餐叉西餐儿童婴儿汤匙长柄,['母婴 喂养用品 餐具']
0,1329,芯月商铺网红创意家用拼盘餐具组合过年家用中式套装圆桌团圆餐具,['家居家装 厨具 餐具']
0,1330,骨瓷盘子餐具家用牛排盘子大平盘浅盘西式金边盘子西餐盘意面盘子,['家居家装 厨具 餐具']
0,1331,【世妙优品】【包邮】茶夹功夫茶具配件茶夹子泡茶工具茶叶夹子茶,['家居家装 厨具 茶具咖啡具']
0,1332,双阀摩卡壶手冲咖啡器具意大利意式家用虹吸户外电煮煮咖啡壶套装,['家用电器 厨房电器 咖啡机']
0,1333,九土手工粗陶杯托功夫茶杯垫日式茶道零配茶垫子陶瓷品茗杯托茶托,['家居家装 厨具 茶具咖啡具']
0,1334,加厚锤纹玻璃公道杯茶漏耐高温分茶器高档侧把茶海功夫耐热茶滤器,['家居家装 厨具 茶具咖啡具']
0,1335,成艺  珐琅彩国潮风侧把壶  柒彩珐琅茶壶,['珠宝礼品 礼品 古董把玩']
0,1336,垒鑫木质蒸花样馒头的模具家用大小号立体加深圆蒸喜饽饽福袋,['母婴 玩具 模型玩具']
0,1337,亏本促销【五把装】不锈钢苹果削皮刀土豆削皮器瓜果皮刨刀芒果水,['家居家装 厨具 厨房配件']
0,1338,寿司帘竹帘家用厨房制作紫菜包饭卷饭用的帘子卷帘做寿司专用工具,['家居家装 厨具 餐具']
0,1339,厨房秤电子秤高精度充电小型克称称克的小秤家用烘焙秤小型食物秤,['家用电器 个人健康 健康秤']
0,1340,免打孔收纳架免钉贴厨房卫生间置物架吹风机架无痕贴配件辅助贴片,['家居家装 生活日用 收纳用品']
0,1341,正宗乌檀木砧板切菜板抗菌防霉家用实木刀板包边整木厨房占板案板,['家居家装 厨具 刀剪菜板']
0,1342,家用擀面板大号切菜板实木厨房用品防霉竹砧板多功能和面揉面案板,['家居家装 厨具 刀剪菜板']
0,1343,【乐】果树剪刀树枝家用剪子多功能修枝剪修树枝剪刀园艺园林剪刀,['家居家装 厨具 刀剪菜板']
0,1344,红檀铁木砧板菜板实木家用切菜板防霉抗菌案板加厚菜墩面板子,['家居家装 厨具 刀剪菜板']
0,1345,【星程】强力厨房剪鸡骨剪食物剪家用剪多功能剪全不锈钢剪刀,['家居家装 厨具 刀剪菜板']
0,1346,【千川特价】304加厚三厘米铲勺两件套  1套,['母婴 喂养用品 餐具']
0,1347,品牌厨具小奶锅～凯爹推荐,['家居家装 厨具 烹饪锅具']
0,1348,不锈钢汤锅加厚小火锅加深家用平底燃气电磁炉盆烹饪用具锅具推荐,['家居家装 厨具 烹饪锅具']
0,1349,德式HG32炒锅玻璃盖（库存）,['家用电器 厨房电器 电火锅']
0,1350,烹饪锅铁锅捶打铁锅炒锅,['家居家装 厨具 烹饪锅具']
0,1351,【测温刻度杯】耐高温玻璃杯 水杯 微波炉可加热,['家居家装 厨具 水具酒具']
0,1352,水杯乌普拉达吸管杯随身杯过滤杯,['母婴 喂养用品 水具']
0,1353,polar博能运动杯,['母婴 喂养用品 水具']
0,1354,PRADA普拉达-水壶水杯350ml简约运动大容量纯色-Y21080626459,['母婴 喂养用品 水具']
0,1355,膳魔师Foogo系列tritan吸管杯水晶(赠小书包，数量有限赠完为止),['母婴 喂养用品 水具']
0,1356,防割手卫生间置物架太空铝浴室洗手间厨房壁挂置物架卫浴五金挂件,['家居家装 建材 厨房卫浴']
0,1357,304免打孔加厚不锈钢折叠毛巾架卫生间置物架浴巾架,['家居家装 生活日用 浴室用品']
0,1358,免打孔三角置物架卫生间浴室卫浴架厨房收纳架储物篮厕所墙上壁挂,['家居家装 建材 厨房卫浴']
0,1359,阀芯淋浴花洒厨房面盆卫浴水龙头冷热水塑料阀芯混水阀龙头配件,['家居家装 建材 厨房卫浴']
0,1360,花洒支架免打孔喷头挂座可调节固定神器浴室儿童花晒淋浴底座墙座,['家居家装 建材 厨房卫浴']
0,1361,现代简约全铜床头灯客厅书房电视背景墙装饰灯卧室壁灯,['家居家装 建材 灯饰照明']
